出典,回,番号,掲載日,対象回,ジャンル,問題の要旨,正解,時事,備考,URL
公式,例題,1,,第9回,政治・経済,2026年、GDPで日本を抜いて世界4位となる見込みの国,インド,○,公式サイト・公式Xの例題,https://www.kentei-uketsuke.com/knowledge/
公式,例題,2,,第9回,ことば,「契約を反故にする」の「反故」の読み,ほご,,公式サイト・公式Xの例題,https://www.kentei-uketsuke.com/knowledge/
公式X,例題,1,2018-08-01,第1回,ことば,見かけは立派だが中身が伴っていないことを「羊」を用いた四字熟語で何というか。,羊頭狗肉,,記述式（選択肢なし。1投稿3問の初期形式）。正解は当方の判断（正解発表の投稿を確認できず）。ジャンルは投稿に明記,https://x.com/Chishikikentei/status/1024430478592360450
公式X,例題,2,2018-08-01,第1回,地理・歴史,世界遺産のカッパドキアがある国はどこか。,トルコ,,記述式（選択肢なし。1投稿3問の初期形式）。正解は当方の判断（正解発表の投稿を確認できず）。ジャンルは投稿に明記,https://x.com/Chishikikentei/status/1024430478592360450
公式X,例題,3,2018-08-01,第1回,スポーツ,格闘技のテコンドーの発祥国はどこか。,韓国,,記述式（選択肢なし。1投稿3問の初期形式）。正解は当方の判断（正解発表の投稿を確認できず）。ジャンルは投稿に明記,https://x.com/Chishikikentei/status/1024430478592360450
公式X,例題,4,2018-08-02,第1回,国際,2018年6月、マケドニアが「北マケドニア」に国名変更を行う要因となった、マケドニア地方がある国はどこか。,ギリシャ,○,記述式（選択肢なし。1投稿3問の初期形式）。正解は当方の判断（正解発表の投稿を確認できず）。ジャンルは投稿に明記,https://x.com/Chishikikentei/status/1024811451121164288
公式X,例題,5,2018-08-02,第1回,自然科学,有機物とは何の元素を含む物質のことか。,炭素,,記述式（選択肢なし。1投稿3問の初期形式）。正解は当方の判断（正解発表の投稿を確認できず）。ジャンルは投稿に明記,https://x.com/Chishikikentei/status/1024811451121164288
公式X,例題,6,2018-08-02,第1回,芸術,ダンスのタンゴの発祥国はどこか。,アルゼンチン,,記述式（選択肢なし。1投稿3問の初期形式）。正解は当方の判断（正解発表の投稿を確認できず）。ジャンルは投稿に明記,https://x.com/Chishikikentei/status/1024811451121164288
公式X,例題,7,2018-08-03,第1回,政治・経済,「三権の長」と呼ばれる役職は内閣総理大臣、衆議院議長、参議院議長と何か。,最高裁判所長官,,記述式（選択肢なし。1投稿3問の初期形式）。正解は当方の判断（正解発表の投稿を確認できず）。ジャンルは投稿に明記。再出題：2018-09-12,https://x.com/Chishikikentei/status/1025167341439541253
公式X,例題,8,2018-08-03,第1回,生活,エスプレッソコーヒーを淹れる専門の職人を、イタリア語で何というか。,バリスタ,,記述式（選択肢なし。1投稿3問の初期形式）。正解は当方の判断（正解発表の投稿を確認できず）。ジャンルは投稿に明記,https://x.com/Chishikikentei/status/1025167341439541253
公式X,例題,9,2018-08-03,第1回,カルチャー,ジャイアントパンダの飼育数で日本一を誇る、アドベンチャーワールドがあるのは何県か。,和歌山県,,記述式（選択肢なし。1投稿3問の初期形式）。正解は当方の判断（正解発表の投稿を確認できず）。ジャンルは投稿に明記,https://x.com/Chishikikentei/status/1025167341439541253
公式X,例題,10,2018-08-04,第1回,ことば,絶対に守らなければならない大切な規則を「金」を用いた四字熟語で何というか。,金科玉条,,記述式（選択肢なし。1投稿3問の初期形式）。正解は当方の判断（正解発表の投稿を確認できず）。ジャンルは投稿に明記。再出題：2018-08-28,https://x.com/Chishikikentei/status/1025547687809040386
公式X,例題,11,2018-08-04,第1回,国際,イギリスの二大政党は保守党と何党か。,労働党,,記述式（選択肢なし。1投稿3問の初期形式）。正解は当方の判断（正解発表の投稿を確認できず）。ジャンルは投稿に明記。再出題：2018-10-04、2020-10-28,https://x.com/Chishikikentei/status/1025547687809040386
公式X,例題,12,2018-08-04,第1回,生活,パエリアはどこの国の米料理か。,スペイン,,記述式（選択肢なし。1投稿3問の初期形式）。正解は当方の判断（正解発表の投稿を確認できず）。ジャンルは投稿に明記,https://x.com/Chishikikentei/status/1025547687809040386
公式X,例題,13,2018-08-05,第1回,地理・歴史,モヘンジョ・ダロは何文明の代表的な都市遺跡か。,インダス文明,,記述式（選択肢なし。1投稿3問の初期形式）。正解は当方の判断（正解発表の投稿を確認できず）。ジャンルは投稿に明記,https://x.com/Chishikikentei/status/1025900992439541760
公式X,例題,14,2018-08-05,第1回,社会,「iDeCo」とは個人で加入できる何という年金の種類か。,確定拠出年金,,記述式（選択肢なし。1投稿3問の初期形式）。正解は当方の判断（正解発表の投稿を確認できず）。ジャンルは投稿に明記。再出題：2018-09-06,https://x.com/Chishikikentei/status/1025900992439541760
公式X,例題,15,2018-08-05,第1回,芸術,広島での原爆体験を題材とした、作家・井伏鱒二の小説は何か。,黒い雨,,記述式（選択肢なし。1投稿3問の初期形式）。正解は当方の判断（正解発表の投稿を確認できず）。ジャンルは投稿に明記,https://x.com/Chishikikentei/status/1025900992439541760
公式X,例題,16,2018-08-06,第1回,政治・経済,国会において、衆議院と参議院で与野党の勢力が逆転している状態を何というか。,ねじれ国会,,記述式（選択肢なし。1投稿3問の初期形式）。正解は当方の判断（正解発表の投稿を確認できず）。ジャンルは投稿に明記,https://x.com/Chishikikentei/status/1026247944784101377
公式X,例題,17,2018-08-06,第1回,自然科学,「lm」で表される、LED電球の明るさの単位は何か。,ルーメン,,記述式（選択肢なし。1投稿3問の初期形式）。正解は当方の判断（正解発表の投稿を確認できず）。ジャンルは投稿に明記,https://x.com/Chishikikentei/status/1026247944784101377
公式X,例題,18,2018-08-06,第1回,生活,「中国四大料理」のうち担々麺、棒棒鶏、麻婆豆腐は何料理か。,四川料理,,記述式（選択肢なし。1投稿3問の初期形式）。正解は当方の判断（正解発表の投稿を確認できず）。ジャンルは投稿に明記,https://x.com/Chishikikentei/status/1026247944784101377
公式X,例題,19,2018-08-07,第1回,地理・歴史,日本の神話に登場する、8つの頭と8つの尾を持つ怪物は何か。,ヤマタノオロチ,,記述式（選択肢なし。1投稿3問の初期形式）。正解は当方の判断（正解発表の投稿を確認できず）。ジャンルは投稿に明記,https://x.com/Chishikikentei/status/1026622028114100224
公式X,例題,20,2018-08-07,第1回,自然科学,イギリスの生物学者ダーウィンが進化論を提唱した著書のタイトルは何か。,種の起源,,記述式（選択肢なし。1投稿3問の初期形式）。正解は当方の判断（正解発表の投稿を確認できず）。ジャンルは投稿に明記,https://x.com/Chishikikentei/status/1026622028114100224
公式X,例題,21,2018-08-07,第1回,スポーツ,2022年の男子サッカーワールドカップの開催国はどこか。,カタール,○,記述式（選択肢なし。1投稿3問の初期形式）。正解は当方の判断（正解発表の投稿を確認できず）。ジャンルは投稿に明記,https://x.com/Chishikikentei/status/1026622028114100224
公式X,例題,22,2018-08-08,第1回,地理・歴史,幕末期に京の街の治安維持のために組織された「新選組」の局長は近藤勇。では、副長は誰か。,土方歳三,,記述式（選択肢なし。1投稿3問の初期形式）。正解は当方の判断（正解発表の投稿を確認できず）。ジャンルは投稿に明記,https://x.com/Chishikikentei/status/1026986915973582848
公式X,例題,23,2018-08-08,第1回,国際,G7の国で、通常大統領が首脳会議に出席するのはアメリカとどこか。,フランス,,記述式（選択肢なし。1投稿3問の初期形式）。正解は当方の判断（正解発表の投稿を確認できず）。ジャンルは投稿に明記,https://x.com/Chishikikentei/status/1026986915973582848
公式X,例題,24,2018-08-08,第1回,生活,かき氷の上にミルク、果物、ゼリーなどをのせたフィリピン発祥のスイーツは何か。,ハロハロ,,記述式（選択肢なし。1投稿3問の初期形式）。正解は当方の判断（正解発表の投稿を確認できず）。ジャンルは投稿に明記,https://x.com/Chishikikentei/status/1026986915973582848
公式X,例題,25,2018-08-09,第1回,政治・経済,企業の資産で、有価証券や売掛金など比較的すぐに現金にできるものを何というか。,流動資産,,記述式（選択肢なし。1投稿3問の初期形式）。正解は当方の判断（正解発表の投稿を確認できず）。ジャンルは投稿に明記,https://x.com/Chishikikentei/status/1027348358724235265
公式X,例題,26,2018-08-09,第1回,自然科学,2018年、中国で誕生したクローン動物は何か。,サル,○,記述式（選択肢なし。1投稿3問の初期形式）。正解は当方の判断（正解発表の投稿を確認できず）。ジャンルは投稿に明記,https://x.com/Chishikikentei/status/1027348358724235265
公式X,例題,27,2018-08-09,第1回,カルチャー,「踊る阿呆に 見る阿呆」と歌いながら踊る、毎年8月に徳島市で行われる盆踊りは何か。,阿波踊り,,記述式（選択肢なし。1投稿3問の初期形式）。正解は当方の判断（正解発表の投稿を確認できず）。ジャンルは投稿に明記,https://x.com/Chishikikentei/status/1027348358724235265
公式X,例題,28,2018-08-10,第1回,ことば,ことわざ「頭かくして尻かくさず」の由来となった鳥は何か。,キジ,,記述式（選択肢なし。1投稿3問の初期形式）。正解は当方の判断（正解発表の投稿を確認できず）。ジャンルは投稿に明記,https://x.com/Chishikikentei/status/1027709079156711426
公式X,例題,29,2018-08-10,第1回,生活,あごだし、あごちくわの「あご」とは何の魚のことか。,トビウオ,,記述式（選択肢なし。1投稿3問の初期形式）。正解は当方の判断（正解発表の投稿を確認できず）。ジャンルは投稿に明記,https://x.com/Chishikikentei/status/1027709079156711426
公式X,例題,30,2018-08-10,第1回,スポーツ,アメリカンフットボールで、敵陣のエンドゾーンにボールを持ちこみ得点することを何というか。,タッチダウン,,記述式（選択肢なし。1投稿3問の初期形式）。正解は当方の判断（正解発表の投稿を確認できず）。ジャンルは投稿に明記,https://x.com/Chishikikentei/status/1027709079156711426
公式X,例題,31,2018-08-11,第1回,社会,11月3日の祝日に親授式が行われる、日本の勲章は何か。,文化勲章,,記述式（選択肢なし。1投稿3問の初期形式）。正解は当方の判断（正解発表の投稿を確認できず）。ジャンルは投稿に明記,https://x.com/Chishikikentei/status/1028088737123655681
公式X,例題,32,2018-08-11,第1回,地理・歴史,メロン、クリ、ピーマンの生産量が日本でもっとも多い都道府県はどこか。,茨城県,,記述式（選択肢なし。1投稿3問の初期形式）。正解は当方の判断（正解発表の投稿を確認できず）。ジャンルは投稿に明記。再出題：2018-09-24,https://x.com/Chishikikentei/status/1028088737123655681
公式X,例題,33,2018-08-11,第1回,芸術,新美南吉の童話『手袋を買いに』で、手袋を買いに来た動物は何か。,キツネ,,記述式（選択肢なし。1投稿3問の初期形式）。正解は当方の判断（正解発表の投稿を確認できず）。ジャンルは投稿に明記,https://x.com/Chishikikentei/status/1028088737123655681
公式X,例題,34,2018-08-12,第1回,地理・歴史,山口県の秋吉台のように、石灰岩などに雨水や地下水が侵食した地形を何というか。,カルスト地形,,記述式（選択肢なし。1投稿3問の初期形式）。正解は当方の判断（正解発表の投稿を確認できず）。ジャンルは投稿に明記,https://x.com/Chishikikentei/status/1028434458305736704
公式X,例題,35,2018-08-12,第1回,スポーツ,プロ野球・楽天の永久欠番77番は同チームで監督を務めた誰にちなむものか。,星野仙一,,記述式（選択肢なし。1投稿3問の初期形式）。正解は当方の判断（正解発表の投稿を確認できず）。ジャンルは投稿に明記,https://x.com/Chishikikentei/status/1028434458305736704
公式X,例題,36,2018-08-12,第1回,カルチャー,将棋でプロ棋士となるのは何段からか。,四段,,記述式（選択肢なし。1投稿3問の初期形式）。正解は当方の判断（正解発表の投稿を確認できず）。ジャンルは投稿に明記,https://x.com/Chishikikentei/status/1028434458305736704
公式X,例題,37,2018-08-13,第1回,国際,スペインからの独立問題で揺れるカタルーニャ州の中心都市はどこか。,バルセロナ,,記述式（選択肢なし。1投稿3問の初期形式）。正解は当方の判断（正解発表の投稿を確認できず）。ジャンルは投稿に明記,https://x.com/Chishikikentei/status/1028783228264439808
公式X,例題,38,2018-08-13,第1回,ことば,敬意を払うという意味の「一目置く」の由来となったゲームは何か。,囲碁,,記述式（選択肢なし。1投稿3問の初期形式）。正解は当方の判断（正解発表の投稿を確認できず）。ジャンルは投稿に明記,https://x.com/Chishikikentei/status/1028783228264439808
公式X,例題,39,2018-08-13,第1回,生活,環境に悪影響を及ぼすことから各国で禁止の動きがある、細かな粒子の入っている洗顔剤は何か。,マイクロビーズ,○,記述式（選択肢なし。1投稿3問の初期形式）。正解は当方の判断（正解発表の投稿を確認できず）。ジャンルは投稿に明記,https://x.com/Chishikikentei/status/1028783228264439808
公式X,例題,40,2018-08-14,第1回,社会,特許や実用新案の手続き代行を主に行う専門職を何というか。,弁理士,,記述式（選択肢なし。1投稿3問の初期形式）。正解は当方の判断（正解発表の投稿を確認できず）。ジャンルは投稿に明記,https://x.com/Chishikikentei/status/1029145806106853377
公式X,例題,41,2018-08-14,第1回,自然科学,「燃える氷」とも呼ばれる、新しいエネルギーとして注目される物質は何か。,メタンハイドレート,,記述式（選択肢なし。1投稿3問の初期形式）。正解は当方の判断（正解発表の投稿を確認できず）。ジャンルは投稿に明記,https://x.com/Chishikikentei/status/1029145806106853377
公式X,例題,42,2018-08-14,第1回,スポーツ,3人一組で、2チームが競うスピードスケートの種目は何か。,チームパシュート,,記述式（選択肢なし。1投稿3問の初期形式）。正解は当方の判断（正解発表の投稿を確認できず）。ジャンルは投稿に明記,https://x.com/Chishikikentei/status/1029145806106853377
公式X,例題,43,2018-08-15,第1回,地理・歴史,1960年、日米安全保障条約を締結し直した総理大臣は誰か。,岸信介,,記述式（選択肢なし。1投稿3問の初期形式）。正解は当方の判断（正解発表の投稿を確認できず）。ジャンルは投稿に明記,https://x.com/Chishikikentei/status/1029507937746661376
公式X,例題,44,2018-08-15,第1回,国際,アメリカで銃乱射事件が起きるたびに話題となる、銃規制の反対を求める市民団体は何か。,全米ライフル協会（NRA）,,記述式（選択肢なし。1投稿3問の初期形式）。正解は当方の判断（正解発表の投稿を確認できず）。ジャンルは投稿に明記,https://x.com/Chishikikentei/status/1029507937746661376
公式X,例題,45,2018-08-15,第1回,カルチャー,江戸情緒を残す街並みから「小江戸」と呼ばれる埼玉県の都市はどこか。,川越市,,記述式（選択肢なし。1投稿3問の初期形式）。正解は当方の判断（正解発表の投稿を確認できず）。ジャンルは投稿に明記,https://x.com/Chishikikentei/status/1029507937746661376
公式X,例題,46,2018-08-16,第1回,ことば,簡単なことでも最初に行うのは難しいという意味のことわざで「“誰”の卵」というか。,コロンブス,,記述式（選択肢なし。1投稿3問の初期形式）。正解は当方の判断（正解発表の投稿を確認できず）。ジャンルは投稿に明記,https://x.com/Chishikikentei/status/1029882153192943616
公式X,例題,47,2018-08-16,第1回,社会,EU（欧州連合）の本部がある都市はどこか。,ブリュッセル,,記述式（選択肢なし。1投稿3問の初期形式）。正解は当方の判断（正解発表の投稿を確認できず）。ジャンルは投稿に明記。再出題：2020-10-07,https://x.com/Chishikikentei/status/1029882153192943616
公式X,例題,48,2018-08-16,第1回,芸術,一般に「ピアノ三重奏」で使用される楽器はピアノ、バイオリンと何か。,チェロ,,記述式（選択肢なし。1投稿3問の初期形式）。正解は当方の判断（正解発表の投稿を確認できず）。ジャンルは投稿に明記,https://x.com/Chishikikentei/status/1029882153192943616
公式X,例題,49,2018-08-17,第1回,地理・歴史,セイロンティーの産地である、旧国名をセイロンといった国はどこか。,スリランカ,,記述式（選択肢なし。1投稿3問の初期形式）。正解は当方の判断（正解発表の投稿を確認できず）。ジャンルは投稿に明記,https://x.com/Chishikikentei/status/1030227154506637312
公式X,例題,50,2018-08-17,第1回,自然科学,野菜に含まれるβカロテンは、体内で何というビタミンに変わるか。,ビタミンA,,記述式（選択肢なし。1投稿3問の初期形式）。正解は当方の判断（正解発表の投稿を確認できず）。ジャンルは投稿に明記,https://x.com/Chishikikentei/status/1030227154506637312
公式X,例題,51,2018-08-17,第1回,カルチャー,フランスの菓子、ブッシュ・ド・ノエルは何の行事の時に食べるケーキか。,クリスマス,,記述式（選択肢なし。1投稿3問の初期形式）。正解は当方の判断（正解発表の投稿を確認できず）。ジャンルは投稿に明記,https://x.com/Chishikikentei/status/1030227154506637312
公式X,例題,52,2018-08-18,第1回,社会,日本では2018年に始まった、容疑者や被告が検察に協力することで求刑の軽減などが受けられる制度を何というか。,日本版司法取引（協議・合意制度）,○,記述式（選択肢なし。1投稿3問の初期形式）。正解は当方の判断（正解発表の投稿を確認できず）。ジャンルは投稿に明記,https://x.com/Chishikikentei/status/1030607197669969923
公式X,例題,53,2018-08-18,第1回,スポーツ,オリンピックで行われるラグビーは何人制か。,7人制,,記述式（選択肢なし。1投稿3問の初期形式）。正解は当方の判断（正解発表の投稿を確認できず）。ジャンルは投稿に明記,https://x.com/Chishikikentei/status/1030607197669969923
公式X,例題,54,2018-08-18,第1回,芸術,ウェッジウッドはどこの国の食器ブランドか。,イギリス,,記述式（選択肢なし。1投稿3問の初期形式）。正解は当方の判断（正解発表の投稿を確認できず）。ジャンルは投稿に明記,https://x.com/Chishikikentei/status/1030607197669969923
公式X,例題,55,2018-08-19,第1回,ことば,"英語の慣用句“Easy come, easy go.”に相当する日本のことわざは何か。",悪銭身につかず,,記述式（選択肢なし。1投稿3問の初期形式）。正解は当方の判断（正解発表の投稿を確認できず）。ジャンルは投稿に明記,https://x.com/Chishikikentei/status/1030946585172107264
公式X,例題,56,2018-08-19,第1回,地理・歴史,ラベンダーで有名な「北海道のへそ」と呼ばれる都市はどこか。,富良野市,,記述式（選択肢なし。1投稿3問の初期形式）。正解は当方の判断（正解発表の投稿を確認できず）。ジャンルは投稿に明記,https://x.com/Chishikikentei/status/1030946585172107264
公式X,例題,57,2018-08-19,第1回,カルチャー,フランスの絵本作家アン・グッドマンの代表作は『リサと“何”』か。,ガスパール,,記述式（選択肢なし。1投稿3問の初期形式）。正解は当方の判断（正解発表の投稿を確認できず）。ジャンルは投稿に明記,https://x.com/Chishikikentei/status/1030946585172107264
公式X,例題,58,2018-08-20,第1回,地理・歴史,かつて「シャム」と呼ばれていた東南アジアの国はどこか。,タイ,,記述式（選択肢なし。1投稿3問の初期形式）。正解は当方の判断（正解発表の投稿を確認できず）。ジャンルは投稿に明記,https://x.com/Chishikikentei/status/1031321149429280768
公式X,例題,59,2018-08-20,第1回,自然科学,108と96の最大公約数はいくつか。,12,,記述式（選択肢なし。1投稿3問の初期形式）。正解は当方の判断（正解発表の投稿を確認できず）。ジャンルは投稿に明記,https://x.com/Chishikikentei/status/1031321149429280768
公式X,例題,60,2018-08-20,第1回,芸術,童話『フランダースの犬』に登場する、主人公のネロが飼っていた犬の名前は何か。,パトラッシュ,,記述式（選択肢なし。1投稿3問の初期形式）。正解は当方の判断（正解発表の投稿を確認できず）。ジャンルは投稿に明記,https://x.com/Chishikikentei/status/1031321149429280768
公式X,例題,61,2018-08-21,第1回,国際,IT先進国として知られる、タリンを首都とするバルト三国の国はどこか。,エストニア,,記述式（選択肢なし。1投稿3問の初期形式）。正解は当方の判断（正解発表の投稿を確認できず）。ジャンルは投稿に明記,https://x.com/Chishikikentei/status/1031681782238740480
公式X,例題,62,2018-08-21,第1回,スポーツ,サッカー・Jリーグのリーグ戦で最多優勝を誇るクラブはどこか。,鹿島アントラーズ,,記述式（選択肢なし。1投稿3問の初期形式）。正解は当方の判断（正解発表の投稿を確認できず）。ジャンルは投稿に明記,https://x.com/Chishikikentei/status/1031681782238740480
公式X,例題,63,2018-08-21,第1回,カルチャー,カジノで客にカードを配ったり、ルーレットを回転させるスタッフを何というか。,ディーラー,,記述式（選択肢なし。1投稿3問の初期形式）。正解は当方の判断（正解発表の投稿を確認できず）。ジャンルは投稿に明記,https://x.com/Chishikikentei/status/1031681782238740480
公式X,例題,64,2018-08-22,第1回,ことば,交通網やライフラインの整備を意味する「インフラ」とは、何という英単語を略したものか。,インフラストラクチャー,,記述式（選択肢なし。1投稿3問の初期形式）。正解は当方の判断（正解発表の投稿を確認できず）。ジャンルは投稿に明記,https://x.com/Chishikikentei/status/1032045728250511360
公式X,例題,65,2018-08-22,第1回,自然科学,フレミングの左手の法則で表されるのは「力の向き」「磁場の向き」と何か。,電流の向き,,記述式（選択肢なし。1投稿3問の初期形式）。正解は当方の判断（正解発表の投稿を確認できず）。ジャンルは投稿に明記,https://x.com/Chishikikentei/status/1032045728250511360
公式X,例題,66,2018-08-22,第1回,芸術,三角形の胴体に3本の弦を張ったロシアの民族楽器は何か。,バラライカ,,記述式（選択肢なし。1投稿3問の初期形式）。正解は当方の判断（正解発表の投稿を確認できず）。ジャンルは投稿に明記,https://x.com/Chishikikentei/status/1032045728250511360
公式X,例題,67,2018-08-23,第1回,政治・経済,発展途上国の製品を適正な価格で継続的に購入することで、その国の発展を支援する貿易を何というか。,フェアトレード,,記述式（選択肢なし。1投稿3問の初期形式）。正解は当方の判断（正解発表の投稿を確認できず）。ジャンルは投稿に明記,https://x.com/Chishikikentei/status/1032408954985299968
公式X,例題,68,2018-08-23,第1回,スポーツ,男子ゴルフの四大大会で「The Open」と呼ばれるのは何か。,全英オープン,,記述式（選択肢なし。1投稿3問の初期形式）。正解は当方の判断（正解発表の投稿を確認できず）。ジャンルは投稿に明記,https://x.com/Chishikikentei/status/1032408954985299968
公式X,例題,69,2018-08-23,第1回,生活,秋田県の横手、群馬県の太田、静岡県の富士宮に共通するご当地グルメは何か。,焼きそば,,記述式（選択肢なし。1投稿3問の初期形式）。正解は当方の判断（正解発表の投稿を確認できず）。ジャンルは投稿に明記,https://x.com/Chishikikentei/status/1032408954985299968
公式X,例題,70,2018-08-24,第1回,地理・歴史,近代政治学の礎となったといわれる政治書『君主論』の著者は誰か。,マキャヴェリ,,記述式（選択肢なし。1投稿3問の初期形式）。正解は当方の判断（正解発表の投稿を確認できず）。ジャンルは投稿に明記,https://x.com/Chishikikentei/status/1032771939993972737
公式X,例題,71,2018-08-24,第1回,社会,1703年に建造されたロンドンにあるイギリス王室の宮殿は何か。,バッキンガム宮殿,,記述式（選択肢なし。1投稿3問の初期形式）。正解は当方の判断（正解発表の投稿を確認できず）。ジャンルは投稿に明記,https://x.com/Chishikikentei/status/1032771939993972737
公式X,例題,72,2018-08-24,第1回,芸術,『ジェリクル舞踏会』『メモリー』などの曲が歌われるミュージカルは何か。,キャッツ,,記述式（選択肢なし。1投稿3問の初期形式）。正解は当方の判断（正解発表の投稿を確認できず）。ジャンルは投稿に明記,https://x.com/Chishikikentei/status/1032771939993972737
公式X,例題,73,2018-08-25,第1回,ことば,ことわざ「敵に塩をおくる」の故事で、塩をおくったといわれる戦国武将は誰か。,上杉謙信,,記述式（選択肢なし。1投稿3問の初期形式）。正解は当方の判断（正解発表の投稿を確認できず）。ジャンルは投稿に明記,https://x.com/Chishikikentei/status/1033177306158616581
公式X,例題,74,2018-08-25,第1回,生活,カズノコは何の魚の卵か。,ニシン,,記述式（選択肢なし。1投稿3問の初期形式）。正解は当方の判断（正解発表の投稿を確認できず）。ジャンルは投稿に明記,https://x.com/Chishikikentei/status/1033177306158616581
公式X,例題,75,2018-08-25,第1回,カルチャー,JRAの「クラシック三冠レース」とは皐月賞、日本ダービーと何か。,菊花賞,,記述式（選択肢なし。1投稿3問の初期形式）。正解は当方の判断（正解発表の投稿を確認できず）。ジャンルは投稿に明記,https://x.com/Chishikikentei/status/1033177306158616581
公式X,例題,76,2018-08-26,第1回,政治・経済,東京都千代田区にある、官僚の世界を指す代名詞となっている地名は何か。,霞が関,,記述式（選択肢なし。1投稿3問の初期形式）。正解は当方の判断（正解発表の投稿を確認できず）。ジャンルは投稿に明記,https://x.com/Chishikikentei/status/1033509789546864641
公式X,例題,77,2018-08-26,第1回,自然科学,白血病医療に用いられる、赤ちゃんのへその緒や胎盤に含まれる血液を何というか。,臍帯血,,記述式（選択肢なし。1投稿3問の初期形式）。正解は当方の判断（正解発表の投稿を確認できず）。ジャンルは投稿に明記,https://x.com/Chishikikentei/status/1033509789546864641
公式X,例題,78,2018-08-26,第1回,芸術,ダ・ヴィンチの絵画『モナ・リザ』を所蔵しているパリの美術館はどこか。,ルーヴル美術館,,記述式（選択肢なし。1投稿3問の初期形式）。正解は当方の判断（正解発表の投稿を確認できず）。ジャンルは投稿に明記,https://x.com/Chishikikentei/status/1033509789546864641
公式X,例題,79,2018-08-27,第1回,地理・歴史,北京にある、明朝、清朝では宮殿として使われていた城は何か。,紫禁城,,記述式（選択肢なし。1投稿3問の初期形式）。正解は当方の判断（正解発表の投稿を確認できず）。ジャンルは投稿に明記,https://x.com/Chishikikentei/status/1033835717405728768
公式X,例題,80,2018-08-27,第1回,国際,2018年、アメリカのトランプ大統領がイスラエルの首都と認めた都市はどこか。,エルサレム,○,記述式（選択肢なし。1投稿3問の初期形式）。正解は当方の判断（正解発表の投稿を確認できず）。ジャンルは投稿に明記,https://x.com/Chishikikentei/status/1033835717405728768
公式X,例題,81,2018-08-27,第1回,スポーツ,アルバルク東京、千葉ジェッツは何の競技のチームか。,バスケットボール,,記述式（選択肢なし。1投稿3問の初期形式）。正解は当方の判断（正解発表の投稿を確認できず）。ジャンルは投稿に明記,https://x.com/Chishikikentei/status/1033835717405728768
公式X,例題,82,2018-08-28,第1回,社会,日本の裁判を3つに分けると民事裁判、刑事裁判と何か。,行政裁判,,記述式（選択肢なし。1投稿3問の初期形式）。正解は当方の判断（正解発表の投稿を確認できず）。ジャンルは投稿に明記,https://x.com/Chishikikentei/status/1034236992156971008
公式X,例題,83,2018-08-28,第1回,スポーツ,男子プロボクシングの世界タイトルマッチは何ラウンドで行われるか。,12ラウンド,,記述式（選択肢なし。1投稿3問の初期形式）。正解は当方の判断（正解発表の投稿を確認できず）。ジャンルは投稿に明記,https://x.com/Chishikikentei/status/1034236992156971008
公式X,例題,84,2018-08-29,第1回,政治・経済,総理大臣の補佐や政府の公式見解を発表する役割を担う内閣の役職は何か。,内閣官房長官,,記述式（選択肢なし。1投稿3問の初期形式）。正解は当方の判断（正解発表の投稿を確認できず）。ジャンルは投稿に明記,https://x.com/Chishikikentei/status/1034594512289460224
公式X,例題,85,2018-08-29,第1回,生活,ご飯の上にレタス、ひき肉、トマトなどをのせる、沖縄発祥の料理は何か。,タコライス,,記述式（選択肢なし。1投稿3問の初期形式）。正解は当方の判断（正解発表の投稿を確認できず）。ジャンルは投稿に明記,https://x.com/Chishikikentei/status/1034594512289460224
公式X,例題,86,2018-08-29,第1回,カルチャー,装飾品として用いられるウミガメの甲羅を何というか。,べっこう,,記述式（選択肢なし。1投稿3問の初期形式）。正解は当方の判断（正解発表の投稿を確認できず）。ジャンルは投稿に明記,https://x.com/Chishikikentei/status/1034594512289460224
公式X,例題,87,2018-08-30,第1回,ことば,ことわざ「郷に入っては郷に従え」を英語で言った時に登場する都市はどこか。,ローマ,,記述式（選択肢なし。1投稿3問の初期形式）。正解は当方の判断（正解発表の投稿を確認できず）。ジャンルは投稿に明記,https://x.com/Chishikikentei/status/1034939476542291968
公式X,例題,88,2018-08-30,第1回,国際,国連安保理で拒否権が有効となるのは、常任理事国の反対が何票以上あったときか。,1票,,記述式（選択肢なし。1投稿3問の初期形式）。正解は当方の判断（正解発表の投稿を確認できず）。ジャンルは投稿に明記,https://x.com/Chishikikentei/status/1034939476542291968
公式X,例題,89,2018-08-30,第1回,芸術,ベートーヴェンの『運命』は交響曲第何番か。,第5番,,記述式（選択肢なし。1投稿3問の初期形式）。正解は当方の判断（正解発表の投稿を確認できず）。ジャンルは投稿に明記,https://x.com/Chishikikentei/status/1034939476542291968
公式X,例題,90,2018-08-31,第1回,地理・歴史,世界文化遺産の沖ノ島があるのは何県か。,福岡県,,記述式（選択肢なし。1投稿3問の初期形式）。正解は当方の判断（正解発表の投稿を確認できず）。ジャンルは投稿に明記,https://x.com/Chishikikentei/status/1035316863364784128
公式X,例題,91,2018-08-31,第1回,スポーツ,フィギュアスケートの6種類のジャンプで、もっとも難易度が高いのは何か。,アクセル,,記述式（選択肢なし。1投稿3問の初期形式）。正解は当方の判断（正解発表の投稿を確認できず）。ジャンルは投稿に明記。再出題：2019-08-14,https://x.com/Chishikikentei/status/1035316863364784128
公式X,例題,92,2018-08-31,第1回,生活,パソコンの文書作成で用いられるコピペとは「コピー＆“何”」の略か。,ペースト,,記述式（選択肢なし。1投稿3問の初期形式）。正解は当方の判断（正解発表の投稿を確認できず）。ジャンルは投稿に明記,https://x.com/Chishikikentei/status/1035316863364784128
公式X,例題,93,2018-09-01,第1回,国際,強権を行使するドゥテルテはどこの国の大統領か。,フィリピン,○,記述式（選択肢なし。1投稿3問の初期形式）。正解は当方の判断（正解発表の投稿を確認できず）。ジャンルは投稿に明記,https://x.com/Chishikikentei/status/1035737315954417671
公式X,例題,94,2018-09-01,第1回,自然科学,2018年に日本で流行した、正式名称を「麻疹」という感染症は何か。,はしか,○,記述式（選択肢なし。1投稿3問の初期形式）。正解は当方の判断（正解発表の投稿を確認できず）。ジャンルは投稿に明記,https://x.com/Chishikikentei/status/1035737315954417671
公式X,例題,95,2018-09-01,第1回,芸術,受賞者には蓄音機型のトロフィーが贈られる、アメリカでもっとも権威のある音楽の賞は何か。,グラミー賞,,記述式（選択肢なし。1投稿3問の初期形式）。正解は当方の判断（正解発表の投稿を確認できず）。ジャンルは投稿に明記,https://x.com/Chishikikentei/status/1035737315954417671
公式X,例題,96,2018-09-03,第1回,ことば,四字熟語「一期一会」は、何の芸事の精神をあらわした言葉か。,茶道,,記述式（選択肢なし。1投稿3問の初期形式）。正解は当方の判断（正解発表の投稿を確認できず）。ジャンルは投稿に明記,https://x.com/Chishikikentei/status/1036408200403202048
公式X,例題,97,2018-09-03,第1回,地理・歴史,ルイ14世の時に最盛期を迎えたフランスの王朝は何か。,ブルボン朝,,記述式（選択肢なし。1投稿3問の初期形式）。正解は当方の判断（正解発表の投稿を確認できず）。ジャンルは投稿に明記,https://x.com/Chishikikentei/status/1036408200403202048
公式X,例題,98,2018-09-03,第1回,スポーツ,2020年の東京オリンピックで初めて正式競技となる日本の武道は何か。,空手,○,記述式（選択肢なし。1投稿3問の初期形式）。正解は当方の判断（正解発表の投稿を確認できず）。ジャンルは投稿に明記,https://x.com/Chishikikentei/status/1036408200403202048
公式X,例題,99,2018-09-04,第1回,社会,2022年4月より成人年齢は満何歳に引き下げられるか。,18歳,○,記述式（選択肢なし。1投稿3問の初期形式）。正解は当方の判断（正解発表の投稿を確認できず）。ジャンルは投稿に明記,https://x.com/Chishikikentei/status/1036772079020830720
公式X,例題,100,2018-09-04,第1回,自然科学,抗酸化作用があるとされる、トマトやスイカの赤い色素を何というか。,リコピン,,記述式（選択肢なし。1投稿3問の初期形式）。正解は当方の判断（正解発表の投稿を確認できず）。ジャンルは投稿に明記,https://x.com/Chishikikentei/status/1036772079020830720
公式X,例題,101,2018-09-04,第1回,カルチャー,コンピューターゲームのジャンル「ARPG」とは「“何”ロールプレイングゲーム」の略か。,アクション,,記述式（選択肢なし。1投稿3問の初期形式）。正解は当方の判断（正解発表の投稿を確認できず）。ジャンルは投稿に明記,https://x.com/Chishikikentei/status/1036772079020830720
公式X,例題,102,2018-09-05,第1回,地理・歴史,1932年に起きた、総理大臣・犬養毅が暗殺された事件は何か。,五・一五事件,,記述式（選択肢なし。1投稿3問の初期形式）。正解は当方の判断（正解発表の投稿を確認できず）。ジャンルは投稿に明記,https://x.com/Chishikikentei/status/1037134412331118592
公式X,例題,103,2018-09-05,第1回,スポーツ,カナダの国技となっている、スティックでボールを操る球技は何か。,ラクロス,,記述式（選択肢なし。1投稿3問の初期形式）。正解は当方の判断（正解発表の投稿を確認できず）。ジャンルは投稿に明記,https://x.com/Chishikikentei/status/1037134412331118592
公式X,例題,104,2018-09-05,第1回,芸術,ニューヨークの地下鉄を題材にしたジャズのナンバーは『“何”で行こう』か。,A列車,,記述式（選択肢なし。1投稿3問の初期形式）。正解は当方の判断（正解発表の投稿を確認できず）。ジャンルは投稿に明記,https://x.com/Chishikikentei/status/1037134412331118592
公式X,例題,105,2018-09-06,第1回,ことば,ことわざで「子を持って知る」に続く言葉は何か。,親の恩,,記述式（選択肢なし。1投稿3問の初期形式）。正解は当方の判断（正解発表の投稿を確認できず）。ジャンルは投稿に明記,https://x.com/Chishikikentei/status/1037499334755905538
公式X,例題,106,2018-09-06,第1回,生活,高級バッグの素材で、「オーストリッチ」とは何の鳥の革か。,ダチョウ,,記述式（選択肢なし。1投稿3問の初期形式）。正解は当方の判断（正解発表の投稿を確認できず）。ジャンルは投稿に明記,https://x.com/Chishikikentei/status/1037499334755905538
公式X,例題,107,2018-09-07,第1回,政治・経済,先進国から発展途上国への「政府開発援助」を、アルファベット3文字で何というか。,ODA,,記述式（選択肢なし。1投稿3問の初期形式）。正解は当方の判断（正解発表の投稿を確認できず）。ジャンルは投稿に明記,https://x.com/Chishikikentei/status/1037860113271279618
公式X,例題,108,2018-09-07,第1回,自然科学,サイコロを3つ振った時、すべて1の目が出る確率は何分の1か。,216,,記述式（選択肢なし。1投稿3問の初期形式）。正解は当方の判断（正解発表の投稿を確認できず）。ジャンルは投稿に明記,https://x.com/Chishikikentei/status/1037860113271279618
公式X,例題,109,2018-09-07,第1回,芸術,『コンドルは飛んで行く』に代表される、南アメリカの民族音楽を何というか。,フォルクローレ,,記述式（選択肢なし。1投稿3問の初期形式）。正解は当方の判断（正解発表の投稿を確認できず）。ジャンルは投稿に明記,https://x.com/Chishikikentei/status/1037860113271279618
公式X,例題,110,2018-09-10,第1回,地理・歴史,地球球体説を唱えた学者トスカネリが、特に影響を与えたイタリアの探検家は誰か。,コロンブス,,記述式（選択肢なし。1投稿3問の初期形式）。正解は当方の判断（正解発表の投稿を確認できず）。ジャンルは投稿に明記,https://x.com/Chishikikentei/status/1038947166700560384
公式X,例題,111,2018-09-10,第1回,スポーツ,フェンシングで用いられる用語は主に何語か。,フランス語,,記述式（選択肢なし。1投稿3問の初期形式）。正解は当方の判断（正解発表の投稿を確認できず）。ジャンルは投稿に明記,https://x.com/Chishikikentei/status/1038947166700560384
公式X,例題,112,2018-09-10,第1回,カルチャー,毎年12月に「今年の漢字」の発表の舞台となっている京都の寺はどこか。,清水寺,,記述式（選択肢なし。1投稿3問の初期形式）。正解は当方の判断（正解発表の投稿を確認できず）。ジャンルは投稿に明記,https://x.com/Chishikikentei/status/1038947166700560384
公式X,例題,113,2018-09-11,第1回,ことば,古語で「こち」とは、どの方角から吹く風のことか。,東,,記述式（選択肢なし。1投稿3問の初期形式）。正解は当方の判断（正解発表の投稿を確認できず）。ジャンルは投稿に明記,https://x.com/Chishikikentei/status/1039304989611577344
公式X,例題,114,2018-09-11,第1回,自然科学,ジャガイモの芽に多く含まれる、人体に有害なアルカロイドは何か。,ソラニン,,記述式（選択肢なし。1投稿3問の初期形式）。正解は当方の判断（正解発表の投稿を確認できず）。ジャンルは投稿に明記,https://x.com/Chishikikentei/status/1039304989611577344
公式X,例題,115,2018-09-11,第1回,生活,カクテルのマンハッタンに用いられるお酒は何か。,ウイスキー,,記述式（選択肢なし。1投稿3問の初期形式）。正解は当方の判断（正解発表の投稿を確認できず）。ジャンルは投稿に明記,https://x.com/Chishikikentei/status/1039304989611577344
公式X,例題,116,2018-09-12,第1回,国際,現在、二酸化炭素排出量が世界でもっとも多い国はどこか。,中国,○,記述式（選択肢なし。1投稿3問の初期形式）。正解は当方の判断（正解発表の投稿を確認できず）。ジャンルは投稿に明記,https://x.com/Chishikikentei/status/1039673052991082496
公式X,例題,117,2018-09-12,第1回,生活,魚に小麦粉をまぶしてバターで焼いた料理をフランス語で何というか。,ムニエル,,記述式（選択肢なし。1投稿3問の初期形式）。正解は当方の判断（正解発表の投稿を確認できず）。ジャンルは投稿に明記,https://x.com/Chishikikentei/status/1039673052991082496
公式X,例題,118,2018-09-13,第1回,地理・歴史,ポルダーと呼ばれる干拓地が国土の約4分の1を占めるヨーロッパの国はどこか。,オランダ,,記述式（選択肢なし。1投稿3問の初期形式）。正解は当方の判断（正解発表の投稿を確認できず）。ジャンルは投稿に明記,https://x.com/Chishikikentei/status/1040031172783353856
公式X,例題,119,2018-09-13,第1回,自然科学,「電流（A）×電圧（V）」で求められる、電力の単位は何か。,ワット,,記述式（選択肢なし。1投稿3問の初期形式）。正解は当方の判断（正解発表の投稿を確認できず）。ジャンルは投稿に明記,https://x.com/Chishikikentei/status/1040031172783353856
公式X,例題,120,2018-09-13,第1回,カルチャー,バレリーナが履く、つま先の先端を平たく丈夫にした靴を何というか。,トウシューズ,,記述式（選択肢なし。1投稿3問の初期形式）。正解は当方の判断（正解発表の投稿を確認できず）。ジャンルは投稿に明記,https://x.com/Chishikikentei/status/1040031172783353856
公式X,例題,121,2018-09-14,第1回,ことば,金字塔を打ちたてるという時の「金字塔」とは、どんな建造物のことか。,ピラミッド,,記述式（選択肢なし。1投稿3問の初期形式）。正解は当方の判断（正解発表の投稿を確認できず）。ジャンルは投稿に明記,https://x.com/Chishikikentei/status/1040400493502128129
公式X,例題,122,2018-09-14,第1回,社会,レジオンドヌール勲章とはどこの国の最高勲章か。,フランス,,記述式（選択肢なし。1投稿3問の初期形式）。正解は当方の判断（正解発表の投稿を確認できず）。ジャンルは投稿に明記,https://x.com/Chishikikentei/status/1040400493502128129
公式X,例題,123,2018-09-14,第1回,生活,沖縄県の民家の門や屋根につけられる、魔除けのための獣の像を何というか。,シーサー,,記述式（選択肢なし。1投稿3問の初期形式）。正解は当方の判断（正解発表の投稿を確認できず）。ジャンルは投稿に明記,https://x.com/Chishikikentei/status/1040400493502128129
公式X,例題,124,2018-09-16,第1回,国際,アメリカで、永住権の資格があることを示すカードを何というか。,グリーンカード,,記述式（選択肢なし。1投稿3問の初期形式）。正解は当方の判断（正解発表の投稿を確認できず）。ジャンルは投稿に明記,https://x.com/Chishikikentei/status/1041211207905042432
公式X,例題,125,2018-09-16,第1回,自然科学,天然ガスや石油など、生物由来の燃料のことを何というか。,化石燃料,,記述式（選択肢なし。1投稿3問の初期形式）。正解は当方の判断（正解発表の投稿を確認できず）。ジャンルは投稿に明記,https://x.com/Chishikikentei/status/1041211207905042432
公式X,例題,126,2018-09-16,第1回,スポーツ,1チーム4人で馬に乗ってボールを打ち合うスポーツは何か。,ポロ,,記述式（選択肢なし。1投稿3問の初期形式）。正解は当方の判断（正解発表の投稿を確認できず）。ジャンルは投稿に明記,https://x.com/Chishikikentei/status/1041211207905042432
公式X,例題,127,2018-09-17,第1回,社会,カトリック教会において、ローマ法王に次ぐ地位の聖職者は何か。,枢機卿,,記述式（選択肢なし。1投稿3問の初期形式）。正解は当方の判断（正解発表の投稿を確認できず）。ジャンルは投稿に明記,https://x.com/Chishikikentei/status/1041539079932829696
公式X,例題,128,2018-09-17,第1回,生活,一般的な年忌法要で、一周忌の翌年に行うものを何というか。,三回忌,,記述式（選択肢なし。1投稿3問の初期形式）。正解は当方の判断（正解発表の投稿を確認できず）。ジャンルは投稿に明記,https://x.com/Chishikikentei/status/1041539079932829696
公式X,例題,129,2018-09-17,第1回,芸術,ロシアの代表的民芸品で、入れ子式になった人形を何というか。,マトリョーシカ,,記述式（選択肢なし。1投稿3問の初期形式）。正解は当方の判断（正解発表の投稿を確認できず）。ジャンルは投稿に明記,https://x.com/Chishikikentei/status/1041539079932829696
公式X,例題,130,2018-09-18,第1回,ことば,江戸いろはがるたで、「い」の読み札は何か。,犬も歩けば棒に当たる,,記述式（選択肢なし。1投稿3問の初期形式）。正解は当方の判断（正解発表の投稿を確認できず）。ジャンルは投稿に明記,https://x.com/Chishikikentei/status/1041843985403138048
公式X,例題,131,2018-09-18,第1回,地理・歴史,明治時代の帝国議会で設置されていたのは衆議院と何か。,貴族院,,記述式（選択肢なし。1投稿3問の初期形式）。正解は当方の判断（正解発表の投稿を確認できず）。ジャンルは投稿に明記,https://x.com/Chishikikentei/status/1041843985403138048
公式X,例題,132,2018-09-18,第1回,カルチャー,後ろ向きにコインを投げ入れることで知られる、ローマの観光名所はどこか。,トレビの泉,,記述式（選択肢なし。1投稿3問の初期形式）。正解は当方の判断（正解発表の投稿を確認できず）。ジャンルは投稿に明記,https://x.com/Chishikikentei/status/1041843985403138048
公式X,例題,133,2018-09-19,第1回,国際,G7サミットという時の「G」とは何という英単語の略か。,group,,選択肢：government／group／guest／guide。ジャンルは投稿に明記,https://x.com/Chishikikentei/status/1042207512068411392
公式X,例題,134,2018-09-20,第1回,スポーツ,多くの野球用語の日本語訳を行い、2002年には野球殿堂入りを果たした明治の俳人は誰か。,正岡子規,,選択肢：高浜虚子／種田山頭火／高野素十／正岡子規。ジャンルは投稿に明記,https://x.com/Chishikikentei/status/1042563439938306048
公式X,例題,135,2018-09-21,第1回,自然科学,ガウス賞、フィールズ賞は何の学問の賞か。,数学,,選択肢：数学／物理学／天文学／医学。ジャンルは投稿に明記,https://x.com/Chishikikentei/status/1042928506458370049
公式X,例題,136,2018-09-22,第1回,ことば,『一姫二太郎』という時、こどもの人数は全部で何人か。,2人,,選択肢：1人／2人／3人／4人。ジャンルは投稿に明記,https://x.com/Chishikikentei/status/1043320547629662208
公式X,例題,137,2018-09-23,第1回,芸術,オーケストラで、通常コンサートマスターが演奏する楽器は何か。,バイオリン,,選択肢：ピアノ／フルート／バイオリン／トランペット。ジャンルは投稿に明記,https://x.com/Chishikikentei/status/1043658470795276288
公式X,例題,138,2018-09-25,第1回,生活,パソコンのファンクションキーで、文字を全角カタカナに変換するのに用いるのは何か。,F7,,選択肢：F3／F5／F7／F9。ジャンルは投稿に明記,https://x.com/Chishikikentei/status/1044379999103418368
公式X,例題,139,2018-09-26,第1回,芸術,日本語では「協奏曲」と呼ばれる音楽は何か。,コンチェルト,,選択肢：コンチェルト／ラプソディ／ノクターン／プレリュード。ジャンルは投稿に明記,https://x.com/Chishikikentei/status/1044742886258950144
公式X,例題,140,2018-09-27,第1回,社会,日本で都道府県知事の被選挙権が得られるのは満何歳以上か。,30歳,,選択肢：20歳／25歳／30歳／35歳。ジャンルは投稿に明記,https://x.com/Chishikikentei/status/1045109335578136577
公式X,例題,141,2018-09-28,第1回,自然科学,人の血液に含まれ、外部から入った細菌を殺すなどの役割を持つものは何か。,白血球,,選択肢：赤血球／白血球／血しょう／血小板。正解は当方の判断（正解発表の投稿を確認できず）。ジャンルは投稿に明記,https://x.com/Chishikikentei/status/1045467429218869249
公式X,例題,142,2018-09-29,第1回,生活,江戸時代より「おなかの砂おろし」と呼ばれている食品は何か。,こんにゃく,,選択肢：豆腐／味噌／かまぼこ／こんにゃく。ジャンルは投稿に明記,https://x.com/Chishikikentei/status/1045828457018515456
公式X,例題,143,2018-09-30,第1回,芸術,五千円札の裏に描かれている『燕子花図』の作者は誰か。,尾形光琳,,選択肢：狩野永徳／雪舟／尾形光琳／長谷川等伯。ジャンルは投稿に明記,https://x.com/Chishikikentei/status/1046194551470194688
公式X,例題,144,2018-10-01,第1回,ことば,俗に「先立つものがない」といえば何がないことか。,お金,,選択肢：お金／人員／時間／権限。ジャンルは投稿に明記,https://x.com/Chishikikentei/status/1046558102865162241
公式X,例題,145,2018-10-02,第1回,地理・歴史,世界遺産のマチュピチュ遺跡がある国はどこか。,ペルー,,選択肢：メキシコ／ブラジル／ペルー／チリ。ジャンルは投稿に明記,https://x.com/Chishikikentei/status/1046912724838404096
公式X,例題,146,2018-10-03,第1回,カルチャー,日本を訪れる外国人観光客が関心を寄せる「ジャパウ」とは何のことか。,雪,,選択肢：居酒屋／新幹線／イヌ／雪。ジャンルは投稿に明記,https://x.com/Chishikikentei/status/1047278343186337792
公式X,例題,147,2018-10-05,第1回,スポーツ,毎年1月に開催されるアメリカンフットボールの日本一決定戦を何というか。,ライスボウル,,選択肢：ライスボウル／甲子園ボウル／パールボウル／ジャパンボウル。ジャンルは投稿に明記,https://x.com/Chishikikentei/status/1048006676211593216
公式X,例題,148,2018-10-06,第1回,生活,ゆず湯に入ると風邪をひかないといわれる日はいつか。,冬至,,選択肢：立冬／冬至／大みそか／大寒。ジャンルは当方の判断,https://x.com/Chishikikentei/status/1048432569744683008
公式X,例題,149,2018-10-08,第1回,社会,日本国憲法第14条の条文は「すべての国民は“何”の下に平等」とされるか。,法,,選択肢：人権／国／法／自由。ジャンルは投稿に明記,https://x.com/Chishikikentei/status/1049097388785205248
公式X,例題,150,2018-10-09,第1回,地理・歴史,コーヒー豆の生産量で、ブラジルに次いで世界で2位の国はどこか。,ベトナム,,選択肢：コロンビア／インドネシア／ベトナム／グアテマラ。ジャンルは投稿に明記,https://x.com/Chishikikentei/status/1049446504690118656
公式X,例題,151,2018-10-10,第1回,自然科学,物体の浮力に関する原理に名を残す、古代ギリシャの数学者は誰か。,アルキメデス,,選択肢：ピタゴラス／アルキメデス／エラトステネス／アポロニウス。ジャンルは当方の判断,https://x.com/Chishikikentei/status/1049816003897483264
公式X,例題,152,2018-10-11,第1回,国際,日本がもっとも原油を多く輸入している国はどこか。,サウジアラビア,,選択肢：サウジアラビア／ロシア／アラブ首長国連邦／イラン。ジャンルは投稿に明記,https://x.com/Chishikikentei/status/1050173282069049345
公式X,例題,153,2018-10-12,第1回,生活,仏教の六曜で、一般に葬式を行わない日は何か。,友引,,選択肢：大安／仏滅／先負／友引。ジャンルは当方の判断,https://x.com/Chishikikentei/status/1050534260510093312
公式X,例題,154,2018-10-13,第1回,芸術,ベネッセハウスミュージアム、地中美術館などのアートスポットで有名な香川県の島はどこか。,直島,,選択肢：小豆島／直島／女木島／豊島。ジャンルは投稿に明記,https://x.com/Chishikikentei/status/1050913752411910144
公式X,例題,155,2018-10-15,第1回,国際,ユーロ紙幣の裏面に共通して描かれている建造物は何か。,橋,,選択肢：ピラミッド／教会／国境／橋。ジャンルは投稿に明記,https://x.com/Chishikikentei/status/1051619714970062850
公式X,例題,156,2018-10-16,第1回,スポーツ,トビウオジャパンは何の競技の日本代表の愛称か。,競泳,,選択肢：飛び込み／アーティスティックスイミング／水球／競泳。ジャンルは投稿に明記,https://x.com/Chishikikentei/status/1051983239592562689
公式X,例題,157,2018-10-17,第1回,自然科学,ガンの予防効果や抗菌作用があるとされる、緑茶に含まれる渋み成分は何か。,タンニン,,選択肢：タンニン／カフェイン／イソフラボン／アントシアニン。ジャンルは投稿に明記,https://x.com/Chishikikentei/status/1052345998700294144
公式X,例題,158,2018-10-18,第1回,カルチャー,湖畔に高村光太郎作の『乙女の像』が建つ、東北の湖はどこか。,十和田湖,,選択肢：田沢湖／十和田湖／猪苗代湖／十三湖。ジャンルは投稿に明記,https://x.com/Chishikikentei/status/1052710220340678657
公式X,例題,159,2018-10-19,第1回,ことば,物事の見通しがたたないという意味の四字熟語で「五里“何”」というか。,霧中,,選択肢：夢中／無中／霧中／舞中。ジャンルは投稿に明記,https://x.com/Chishikikentei/status/1053076454647390208
公式X,例題,160,2018-10-22,第1回,地理・歴史,中心部にテムズ川が流れるヨーロッパの首都はどこか。,ロンドン,,選択肢：ベルリン／リスボン／ダブリン／ロンドン。ジャンルは投稿に明記,https://x.com/Chishikikentei/status/1054133463983353856
公式X,例題,161,2018-10-23,第1回,自然科学,2018年1月、中国科学院が誕生に成功させたのは何の動物のクローンか。,サル,○,選択肢：サル／ウマ／イヌ／ウシ。正解は当方の判断（正解発表の投稿を確認できず）。ジャンルは投稿に明記,https://x.com/Chishikikentei/status/1054492644762513408
公式X,例題,162,2018-10-24,第1回,スポーツ,野球で通称「グランドスラム」と呼ばれるものは何か。,満塁ホームラン,,選択肢：完全試合／サイクル安打／1イニング3奪三振／満塁ホームラン。ジャンルは投稿に明記,https://x.com/Chishikikentei/status/1054854263627608064
公式X,例題,163,2018-10-25,第1回,生活,ゴボウに牛肉やウナギを巻きつけた料理を「“何”巻き」というか。,八幡,,選択肢：信太／八幡／桂／源氏。ジャンルは投稿に明記,https://x.com/Chishikikentei/status/1055246418212925440
公式X,例題,164,2018-10-26,第1回,芸術,「国破れて山河あり」と詠んだ唐の詩人は誰か。,杜甫,,選択肢：李白／王維／白居易／杜甫。ジャンルは投稿に明記。再出題：2019-07-25,https://x.com/Chishikikentei/status/1055601285611704320
公式X,例題,165,2018-10-27,第1回,国際,日朝平壌宣言を調印した2人の首脳は金正日と誰か。,小泉純一郎,,選択肢：小渕恵三／森喜朗／小泉純一郎／安倍晋三。ジャンルは投稿に明記,https://x.com/Chishikikentei/status/1055987053744115712
公式X,例題,166,2018-10-29,第1回,ことば,「離すことのできない親密な関係」を、『三国志』の劉備と諸葛亮の故事から「“何”の交わり」というか。,水魚,,選択肢：水魚／管鮑／刎頸／醴水。ジャンルは投稿に明記,https://x.com/Chishikikentei/status/1056664329108381696
公式X,例題,167,2018-10-30,第1回,地理・歴史,ジャンル・ダルクが従軍し、フランスの危機を救ったのは何戦争か。,百年戦争,,選択肢：百年戦争／三十年戦争／仏蘭戦争／クリミア戦争。正解は当方の判断（正解発表の投稿を確認できず）。ジャンルは当方の判断。投稿では（ことば）だったが、公式が直後に「正しいジャンルは地理・歴史」と訂正,https://x.com/Chishikikentei/status/1057025698638946304
公式X,例題,168,2018-10-31,第1回,国際,世界一の超高層ビル、ブルジュ・ハリファがある都市はどこか。,ドバイ,,選択肢：アル・アイン／ドバイ／ドーハ／クウェート。ジャンルは投稿に明記,https://x.com/Chishikikentei/status/1057388671060520960
公式X,例題,169,2018-11-01,第1回,社会,イスラム教徒が不浄なものとして食べないのは何の動物の肉か。,豚肉,,選択肢：豚肉／牛肉／鶏肉／羊肉。ジャンルは投稿に明記,https://x.com/Chishikikentei/status/1057747705475227648
公式X,例題,170,2018-11-02,第1回,カルチャー,東北地方の秋の風物詩、芋煮会で用いられる芋は何か。,サトイモ,,選択肢：ジャガイモ／サツマイモ／サトイモ／ヤマイモ。ジャンルは投稿に明記,https://x.com/Chishikikentei/status/1058113642460151810
公式X,例題,171,2018-11-03,第1回,スポーツ,バレーボールで他の選手と異なるユニフォームを着ているポジションはどこか。,リベロ,,選択肢：セッター／ミドルブロッカー／オポジット／リベロ。正解は当方の判断（正解発表の投稿を確認できず）。ジャンルは投稿に明記,https://x.com/Chishikikentei/status/1058522026627846145
公式X,例題,172,2018-11-04,第1回,自然科学,ヘロンの公式とは、どんな図形の面積を計算する公式か。,三角形,,選択肢：円／三角形／台形／ひし形。ジャンルは投稿に明記,https://x.com/Chishikikentei/status/1058877413529083904
公式X,例題,173,2018-11-05,第1回,政治・経済,2021年に廃止される予定である日本の省庁は何か。,復興庁,○,選択肢：復興庁／スポーツ庁／防衛装備庁／林野庁。正解は当方の判断（正解発表の投稿を確認できず）。ジャンルは投稿に明記,https://x.com/Chishikikentei/status/1059249435421491200
公式X,例題,174,2018-11-06,第1回,国際,アメリカ、中国についで在留邦人数が多い国はどこか。,オーストラリア,○,選択肢：韓国／ブラジル／タイ／オーストラリア。ジャンルは投稿に明記,https://x.com/Chishikikentei/status/1059561031180070912
公式X,例題,175,2018-11-07,第1回,芸術,童謡『椰子の実』を作詞した、詩人・作家は誰か。,島崎藤村,,選択肢：高村光太郎／中原中也／宮沢賢治／島崎藤村。ジャンルは投稿に明記,https://x.com/Chishikikentei/status/1059926936581890048
公式X,例題,176,2018-11-08,第1回,ことば,花の「ユリ」と、鳥の「モズ」を漢字で書いた時に使われる数字は何か。,百,,選択肢：一／十／百／千。ジャンルは投稿に明記,https://x.com/Chishikikentei/status/1060285423497359360
公式X,例題,177,2018-11-09,第1回,生活,「モミジ肉」とは何の動物の肉か。,シカ,,選択肢：イノシシ／シカ／ウマ／カモ。ジャンルは投稿に明記,https://x.com/Chishikikentei/status/1060649149769515008
公式X,例題,178,2018-11-10,第1回,国際,世界の国で、国名に「合衆国」がつくのはアメリカとどこか。,メキシコ,,選択肢：カナダ／メキシコ／ブラジル／チリ。ジャンルは投稿に明記,https://x.com/Chishikikentei/status/1061037071555473408
公式X,例題,179,2018-11-12,第1回,社会,教育現場で語られる「NIE」とは、学習に何を利用しようとする運動のことか。,新聞,,選択肢：パソコン／ラジオ／テレビ／新聞。ジャンルは投稿に明記,https://x.com/Chishikikentei/status/1061774351828013056
公式X,例題,180,2018-11-13,第1回,カルチャー,「大げさに言う」「髪の毛を高く大きくセットする」という意味で使われることもある動詞は何か。,盛る,,選択肢：盛る／被せる／膨らます／取る。正解は当方の判断（正解発表の投稿を確認できず）。ジャンルは投稿に明記,https://x.com/Chishikikentei/status/1062098514316976129
公式X,例題,181,2018-11-15,第1回,スポーツ,2019年に世界陸上が開催される中東の都市はどこか。,ドーハ,○,選択肢：ドバイ／クウェート／リヤド／ドーハ。ジャンルは投稿に明記,https://x.com/Chishikikentei/status/1062821226811351040
公式X,例題,182,2018-11-16,第1回,自然科学,人の血液に含まれ、主に外部から入った細菌を殺す役割を持つものは何か。,白血球,,選択肢：赤血球／白血球／血小板／血しょう。正解は当方の判断（正解発表の投稿を確認できず）。ジャンルは投稿に明記,https://x.com/Chishikikentei/status/1063186092336144384
公式X,例題,183,2018-11-19,第1回,ことば,古語で「はえ」とは、どの方角から吹く風のことか。,南,,選択肢：東／西／南／北。ジャンルは投稿に明記,https://x.com/Chishikikentei/status/1064292959061925888
公式X,例題,184,2018-11-20,第1回,カルチャー,制服やジーンズの生産が日本一の都道府県はどこか。,岡山県,,選択肢：兵庫県／岡山県／香川県／長崎県。ジャンルは投稿に明記,https://x.com/Chishikikentei/status/1064704688312922112
公式X,例題,185,2018-11-21,第1回,生活,カクテルの技法で、グラスの縁に砂糖や塩を飾りつけることを“何”スタイルというか。,スノー,,選択肢：スノー／エッジ／ホワイト／サンド。ジャンルは投稿に明記,https://x.com/Chishikikentei/status/1065000562326831104
公式X,例題,186,2018-11-22,第1回,自然科学,「肥料の三要素」といわれる3つの元素はは窒素、リンと何か。,カリウム,,選択肢：カルシウム／マグネシウム／ナトリウム／カリウム。ジャンルは投稿に明記,https://x.com/Chishikikentei/status/1065364134575796224
公式X,例題,187,2018-11-23,第1回,国際,アメリカで、大統領も副大統領（上院議長）も辞任した場合、継承順で大統領職を代行する役職は何か。,下院議長,,選択肢：国務長官／上院仮議長／下院議長／財務長官。ジャンルは投稿に明記,https://x.com/Chishikikentei/status/1065732188405022720
公式X,例題,188,2018-11-24,第1回,ことば,タンスやヨウカンの数え方は何か。,一棹、二棹,,選択肢：一棹、二棹／一丁、二丁／一面、二面／一基、二基。ジャンルは投稿に明記,https://x.com/Chishikikentei/status/1066128081079783424
公式X,例題,189,2018-11-25,第1回,地理・歴史,「平民宰相」と呼ばれた大正時代の総理大臣は誰か。,原敬,,選択肢：大隈重信／桂太郎／原敬／高橋是清。正解は当方の判断（正解発表の投稿を確認できず）。ジャンルは投稿に明記,https://x.com/Chishikikentei/status/1066494693003812864
公式X,例題,190,2018-11-26,第1回,社会,厚生労働省が定める「法定雇用率」とは、どんな人の雇用率を定めたものか。,障がい者,,選択肢：女性／障がい者／外国人／65歳以上。ジャンルは投稿に明記,https://x.com/Chishikikentei/status/1066807143825793024
公式X,例題,191,2018-11-27,第1回,スポーツ,Xリーグとは何のスポーツのリーグか。,アメリカンフットボール,,選択肢：ビーチバレー／アメリカンフットボール／フットサル／3on3。ジャンルは投稿に明記,https://x.com/Chishikikentei/status/1067208851953352704
公式X,例題,192,2018-11-28,第1回,政治・経済,日本国憲法第41条で「国権の最高機関」と定められているのは何か。,国会,,選択肢：内閣／国会／最高裁判所／警察庁。ジャンルは投稿に明記,https://x.com/Chishikikentei/status/1067533732842622976
公式X,例題,193,2018-11-29,第1回,芸術,代金をごまかそうとする客の姿を描いた古典落語の演目は何か。,時そば,,選択肢：芝浜／饅頭こわい／火焔太鼓／時そば。ジャンルは投稿に明記,https://x.com/Chishikikentei/status/1067896748415143937
公式X,例題,194,2018-11-30,第1回,スポーツ,2018年の次の新語・流行語のうち、球技発祥ではないのはどれか。,eスポーツ,○,選択肢：eスポーツ／翔タイム／なおみ節／金足農旋風。ジャンルは当方の判断,https://x.com/Chishikikentei/status/1068258412138360832
公式X,例題,195,2018-12-01,第1回,自然科学,破傷風菌の純粋培養に世界で初めて成功した日本の医学者は誰か。,北里柴三郎,,選択肢：志賀潔／野口英世／北里柴三郎／高峰譲吉。ジャンルは投稿に明記,https://x.com/Chishikikentei/status/1068658392292454402
公式X,例題,196,2018-12-03,第1回,生活,絹織物の大島紬の産地である島はどこか。,奄美大島,,選択肢：渡島大島／伊豆大島／周防大島／奄美大島。ジャンルは投稿に明記,https://x.com/Chishikikentei/status/1069344729689509888
公式X,例題,197,2018-12-04,第1回,地理・歴史,金閣寺を建てた室町幕府の将軍は誰か。,足利義満,,選択肢：足利尊氏／足利義満／足利義教／足利義政。ジャンルは投稿に明記,https://x.com/Chishikikentei/status/1069708341205585920
公式X,例題,198,2018-12-05,第1回,社会,企業の「最高経営責任者」をアルファベット3文字で何というか。,CEO,,選択肢：CEO／CFO／CMO／COO。ジャンルは投稿に明記,https://x.com/Chishikikentei/status/1070070476997685248
公式X,例題,199,2018-12-06,第1回,国際,国際原子力機関のアルファベット4文字の略称は何か。,IAEA,,選択肢：IAEA／JICA／WIPO／OECD。正解は当方の判断（正解発表の投稿を確認できず）。ジャンルは投稿に明記,https://x.com/Chishikikentei/status/1070432367775440896
公式X,例題,200,2018-12-07,第1回,ことば,慣用句「満を持す」の由来となった武器は何か。,弓,,選択肢：刀／槍／弓／薙刀。ジャンルは投稿に明記,https://x.com/Chishikikentei/status/1070795358207275008
公式X,例題,201,2018-12-09,第1回,スポーツ,FIFAワールドカップで最多優勝を誇る国はどこか。,ブラジル,,選択肢：イタリア／ブラジル／ドイツ／フランス。ジャンルは投稿に明記,https://x.com/Chishikikentei/status/1071538028630368256
公式X,例題,202,2018-12-10,第1回,政治・経済,東京証券取引所が開設するマザーズとは、どんな企業に向けた株式市場か。,新興企業,,選択肢：零細企業／IT系企業／外資系企業／新興企業。ジャンルは投稿に明記,https://x.com/Chishikikentei/status/1071882905004105728
公式X,例題,203,2018-12-11,第1回,生活,パソコンのローマ字入力で、次のうち「しぇ」の入力方法として間違っているのはどれか。,SIYE,,選択肢：SHE／SYE／SIYE／SIXE。正解は再出題時の正解発表による。ジャンルは投稿に明記。再出題：2019-12-31,https://x.com/Chishikikentei/status/1072253551630417920
公式X,例題,204,2018-12-12,第1回,芸術,アメリカのトニー賞とは、何のジャンルの賞か。,演劇,,選択肢：演劇／テレビ／映画／音楽。ジャンルは当方の判断,https://x.com/Chishikikentei/status/1072606629470879747
公式X,例題,205,2018-12-13,第1回,自然科学,インスリン注射とは、主に何の病気の患者に投与する注射か。,糖尿病,,選択肢：痛風／動脈硬化／脳梗塞／糖尿病。ジャンルは投稿に明記,https://x.com/Chishikikentei/status/1072967292114284544
公式X,例題,206,2018-12-14,第1回,社会,現在懸念されている2025年問題とは、どのような問題のことか。,医療費が増大する,○,選択肢：医療費が増大する／大学の経営が破綻する／全都道府県の人口が減少する／労働者が不足する。ジャンルは当方の判断,https://x.com/Chishikikentei/status/1073332424417763329
公式X,例題,207,2018-12-15,第1回,地理・歴史,1815年、ナポレオン戦争後のヨーロッパの秩序再建を目的とした会議が開催された都市はどこか。,ウィーン,,選択肢：パリ／ロンドン／ベルリン／ウィーン。正解は当方の判断（正解発表の投稿を確認できず）。ジャンルは投稿に明記,https://x.com/Chishikikentei/status/1073763857724633088
公式X,例題,208,2018-12-16,第1回,ことば,「うけたまわる」の送りがなで正しいのはどれか。,承る,,選択肢：承る／承わる／承まわる／承たまわる。ジャンルは投稿に明記,https://x.com/Chishikikentei/status/1074123105813987329
公式X,例題,209,2018-12-17,第1回,芸術,写真家の岩合光昭が主に手掛けている被写体は次のどれか。,ネコ,,選択肢：鉄道／山／ネコ／赤ちゃん。ジャンルは投稿に明記,https://x.com/Chishikikentei/status/1074417781209128960
公式X,例題,210,2018-12-18,第1回,国際,旧ソ連時代は、指導者にちなんで「レニングラード」と呼ばれていた都市はどこか。,サンクトペテルブルク,,選択肢：エカテリンブルク／サンクトペテルブルク／ウラジオストク／モスクワ。ジャンルは投稿に明記,https://x.com/Chishikikentei/status/1074819386391781376
公式X,例題,211,2018-12-19,第1回,スポーツ,松本麻佑・永原和可那、福島由紀・廣田彩花といえば、何の競技のペアか。,バドミントン,○,選択肢：ビーチバレー／バドミントン／テニス／卓球。ジャンルは投稿に明記,https://x.com/Chishikikentei/status/1075173336701784064
公式X,例題,212,2018-12-20,第1回,自然科学,物理における仕事・熱量・エネルギーの単位は何か。,ジュール,,選択肢：ニュートン／ジュール／パスカル／ガウス。ジャンルは投稿に明記。再出題：2019-09-27,https://x.com/Chishikikentei/status/1075504039608016896
公式X,例題,213,2018-12-21,第1回,政治・経済,公正取引委員会は、何という法律の運用のために設置された機関か。,独占禁止法,,選択肢：不正競争防止法／製造物責任法／会社法／独占禁止法。ジャンルは投稿に明記,https://x.com/Chishikikentei/status/1075900358113746946
公式X,例題,214,2018-12-24,第1回,社会,「エドテック」とは、何の業界に情報通信技術を起用したサービスのことか。,教育,,選択肢：教育／金融／物流／運輸。正解は当方の判断（正解発表の投稿を確認できず）。ジャンルは投稿に明記,https://x.com/Chishikikentei/status/1077055788990881792
公式X,例題,215,2018-12-25,第1回,生活,「三日の晴れなし」といえば、いつの季節の様子をあらわしたことばか。,春,,選択肢：春／夏／秋／冬。ジャンルは投稿に明記,https://x.com/Chishikikentei/status/1077317342835535872
公式X,例題,216,2018-12-26,第1回,カルチャー,2018年に開幕したMリーグは、何のプロリーグか。,麻雀,○,選択肢：モノポリー／モーターボート／マウンテンバイク／麻雀。ジャンルは投稿に明記,https://x.com/Chishikikentei/status/1077720802932318208
公式X,例題,217,2018-12-27,第1回,地理・歴史,九州の次の都市のうち、城下町でないのはどれか。,宮崎市,,選択肢：福岡市／宮崎市／佐賀市／熊本市。ジャンルは投稿に明記,https://x.com/Chishikikentei/status/1078076890353528833
公式X,例題,218,2018-12-28,第1回,ことば,商売が忙しくなる「かきいれどき」を漢字で書いた時に正しいのはどれか。,書き入れ時,,選択肢：書き入れ時／描き入れ時／欠き入れ時／掻き入れ時。ジャンルは投稿に明記,https://x.com/Chishikikentei/status/1078404097106010112
公式X,例題,219,2018-12-29,第1回,芸術,落語家で二つ目の昇々、真打の一之輔に共通する亭号は何か。,春風亭,,選択肢：古今亭／春風亭／三遊亭／笑福亭。ジャンルは投稿に明記,https://x.com/Chishikikentei/status/1078805378157006848
公式X,例題,220,2018-12-30,第1回,地理・歴史,1776年、アメリカの独立が宣言された都市はどこか。,フィラデルフィア,,選択肢：ワシントンD.C.／ニューヨーク／フィラデルフィア／ボストン。ジャンルは投稿に明記,https://x.com/Chishikikentei/status/1079164028373487616
公式X,例題,221,2018-12-31,第1回,政治・経済,次のうち、市中銀行の三大業務に含まれないのはどれか。,信託,,選択肢：預金／信託／為替／貸付。ジャンルは投稿に明記。再出題：2019-09-24,https://x.com/Chishikikentei/status/1079567758386290688
公式X,例題,222,2019-01-01,第1回,社会,日本がもっとも多くのワインを輸入している国はどこか。,チリ,○,選択肢：フランス／アメリカ／イタリア／チリ。ジャンルは投稿に明記,https://x.com/Chishikikentei/status/1079928675124924416
公式X,例題,223,2019-01-02,第1回,国際,次のうち、核兵器の保有が明らかとなっている国はどこか。,インド,,選択肢：インド／メキシコ／エジプト／南アフリカ共和国。ジャンルは投稿に明記。再出題：2019-11-27,https://x.com/Chishikikentei/status/1080342244320669696
公式X,例題,224,2019-01-03,第1回,自然科学,次のｘに入る数字はいくつか『1、1、2、3、5、8、x、21、34…』。,13,,選択肢：11／12／13／14。ジャンルは投稿に明記,https://x.com/Chishikikentei/status/1080608524629995520
公式X,例題,225,2019-01-04,第1回,生活,和服で既婚女性のもっとも格式の高い礼装とされるのは何か。,留袖,,選択肢：色無地／留袖／小紋／紬。ジャンルは投稿に明記。再出題：2019-09-21,https://x.com/Chishikikentei/status/1080972068152201217
公式X,例題,226,2019-01-05,第1回,スポーツ,大坂なおみが2018年に優勝したテニスの四大大会は何か。,全米オープン,○,選択肢：全豪オープン／全仏オープン／全英オープン／全米オープン。ジャンルは投稿に明記,https://x.com/Chishikikentei/status/1081317260940083200
公式X,例題,227,2019-01-06,第1回,芸術,作品に「ケッヘル番号」がつけられている作曲家は誰か。,モーツァルト,,選択肢：モーツァルト／ベートーベン／シューベルト／バッハ。ジャンルは投稿に明記,https://x.com/Chishikikentei/status/1081721214941376512
公式X,例題,228,2019-01-07,第1回,カルチャー,最優秀作品に「パルム・ドール」が贈られる映画祭は何か。,カンヌ国際映画祭,,選択肢：ベネチア国際映画祭／ベルリン国際映画祭／カンヌ国際映画祭／モスクワ国際映画祭。ジャンルは投稿に明記。再出題：2019-12-11,https://x.com/Chishikikentei/status/1082030695499718656
公式X,例題,229,2019-01-08,第1回,ことば,次の慣用句・ことわざのうち、漢字が誤っているのはどれか。,激を飛ばす,,選択肢：五里霧中／激を飛ばす／馬子にも衣装／心機一転。正解は再出題時の正解発表による。ジャンルは投稿に明記。再出題：2019-10-09,https://x.com/Chishikikentei/status/1082391834238676994
公式X,例題,230,2019-01-09,第1回,地理・歴史,世界一広い島グリーンランドは、どこの国の自治領か。,デンマーク,,選択肢：スウェーデン／デンマーク／フィンランド／ノルウェー。ジャンルは当方の判断。再出題：2019-09-03,https://x.com/Chishikikentei/status/1082753894038425600
公式X,例題,231,2019-01-10,第1回,政治・経済,参議院選挙区選出議員の選挙において、2県で2人を選出する地域はいくつあるか。,2地域（4県）,,選択肢：1地域（2県）／2地域（4県）／3地域（6件）／存在しない。ジャンルは投稿に明記,https://x.com/Chishikikentei/status/1083116067097010176
公式X,例題,232,2019-01-11,第1回,社会,「IR」とは企業が行うどのような活動のことか。,経営状況を公開する,,選択肢：事業継続の計画をたてる／情報漏洩の対応をする／経営状況を公開する／法令を遵守する。ジャンルは投稿に明記,https://x.com/Chishikikentei/status/1083511586122153984
公式X,例題,233,2019-01-12,第1回,国際,2018年、インフレ対策として10万分の1の通貨切り下げを行った南米の国はどこか。,ベネズエラ,○,選択肢：ブラジル／ベネズエラ／ボリビア／ペルー。ジャンルは投稿に明記,https://x.com/Chishikikentei/status/1083990452313833473
公式X,例題,234,2019-01-14,第1回,自然科学,磁場における「電流」「磁界」「力」のそれぞれの向きの関係性を示す法則に名を残す物理学者は誰か。,フレミング,,選択肢：フレミング／アンペール／ワット／ボルタ。ジャンルは当方の判断,https://x.com/Chishikikentei/status/1084602792445018112
公式X,例題,235,2019-01-15,第1回,生活,グッチ、プラダはどこの国のファッションブランドか。,イタリア,,選択肢：フランス／イギリス／イタリア／アメリカ。ジャンルは投稿に明記。再出題：2019-10-02,https://x.com/Chishikikentei/status/1084927941065072641
公式X,例題,236,2019-01-16,第1回,スポーツ,デュースの場合を除き、卓球の1セットは何点先取か。,11点,,選択肢：11点／15点／21点／25点。ジャンルは当方の判断,https://x.com/Chishikikentei/status/1085306379282182144
公式X,例題,237,2019-01-17,第1回,芸術,印象派の由来となった絵画『印象・日の出』の作者は誰か。,モネ,,選択肢：ゴーギャン／ルノワール／ミレー／モネ。正解は当方の判断（正解発表の投稿を確認できず）。ジャンルは投稿に明記,https://x.com/Chishikikentei/status/1085674587633774593
公式X,例題,238,2019-01-18,第1回,カルチャー,菅井友香がキャプテンを務めるグループは何か。,欅坂46,○,選択肢：乃木坂46／欅坂46／けやき坂46／吉本坂46。正解は当方の判断（正解発表の投稿を確認できず）。ジャンルは投稿に明記,https://x.com/Chishikikentei/status/1086017901180547072
公式X,例題,239,2019-01-19,第1回,ことば,「塞翁が馬」とはどういう意味か。,幸・不幸は常に変転する,,選択肢：幸・不幸は常に変転する／屈辱的な恥を受ける／余計なことをする／幸福は自分でつかむ。ジャンルは投稿に明記。再出題：2019-10-22,https://x.com/Chishikikentei/status/1086422936431390720
公式X,例題,240,2019-01-20,第1回,地理・歴史,真珠の養殖生産量がもっとも多い都道府県はどこか。,愛媛県,,選択肢：三重県／愛媛県／長崎県／鹿児島県。ジャンルは投稿に明記,https://x.com/Chishikikentei/status/1086770030145024003
公式X,例題,241,2019-01-21,第1回,政治・経済,日本国憲法改正の発議を行うには、衆参両院でそれぞれ何分のいくつ以上の賛成が必要か。,3分の2,,選択肢：3分の1／2分の1／3分の2／4分の3。正解は当方の判断（正解発表の投稿を確認できず）。ジャンルは投稿に明記,https://x.com/Chishikikentei/status/1087105176341688320
公式X,例題,242,2019-01-22,第1回,社会,甲賀忍者の里として知られる滋賀県甲賀市で盛んな産業は次のどれか。,製薬,,選択肢：製薬／製糸／製菓／制靴。ジャンルは投稿に明記,https://x.com/Chishikikentei/status/1087488177793712128
公式X,例題,243,2019-01-23,第1回,国際,フン・セン首相による独裁が行われているアジアの国はどこか。,カンボジア,○,選択肢：インドネシア／ラオス／ベトナム／カンボジア。ジャンルは投稿に明記,https://x.com/Chishikikentei/status/1087838219364851712
公式X,例題,244,2019-01-24,第1回,自然科学,マルウェアの一種・ランサムウェアの「ランサム」とは何という意味か。,身代金,,選択肢：破壊／恐怖／身代金／寄生虫。ジャンルは投稿に明記。再出題：2019-11-05,https://x.com/Chishikikentei/status/1088188428334723072
公式X,例題,245,2019-01-25,第1回,生活,「切妻」「寄棟」「片流れ」とは、家屋における何の種類か。,屋根,,選択肢：障子／屋根／床の間／柱。正解は当方の判断（正解発表の投稿を確認できず）。ジャンルは投稿に明記,https://x.com/Chishikikentei/status/1088551882803429379
公式X,例題,246,2019-01-26,第1回,スポーツ,井村雅代は何の競技の指導者か。,アーティスティックスイミング,,選択肢：競泳／アーティスティックスイミング／水球／飛込。ジャンルは投稿に明記,https://x.com/Chishikikentei/status/1088968900497178624
公式X,例題,247,2019-01-27,第1回,芸術,ミュージカル『ラ・マンチャの男』の題材となった文学作品は何か。,ドン・キホーテ,,選択肢：カルメン／リア王／ドン・キホーテ／モンテクリスト伯。ジャンルは投稿に明記。再出題：2019-11-26,https://x.com/Chishikikentei/status/1089346140565204993
公式X,例題,248,2019-01-28,第1回,カルチャー,『機動戦士ガンダム』のアムロ・レイ役や『名探偵コナン』の安室透役で知られる男性声優は誰か。,古谷徹,,選択肢：古川登志夫／大塚明夫／玄田哲章／古谷徹。ジャンルは投稿に明記,https://x.com/Chishikikentei/status/1089638537723490304
公式X,例題,249,2019-01-29,第1回,ことば,『論語』に由来する年齢の異称で「知命」とは何歳のことか。,50歳,,選択肢：30歳／40歳／50歳／60歳。ジャンルは投稿に明記。再出題：2020-04-17,https://x.com/Chishikikentei/status/1090001885283536896
公式X,例題,250,2019-01-30,第1回,地理・歴史,国内シェアの90％以上を占める、メガネフレームの生産で有名な福井県の都市はどこか。,鯖江市,,選択肢：鯖江市／敦賀市／小浜市／勝山市。ジャンルは投稿に明記,https://x.com/Chishikikentei/status/1090364232976060416
公式X,例題,251,2019-01-31,第1回,政治・経済,児童虐待などの通報・相談窓口として使われる、全国共通の3ケタの電話番号は何番か。,189番,,選択肢：168番／171番／188番／189番。ジャンルは投稿に明記。再出題：2019-10-15,https://x.com/Chishikikentei/status/1090725396692185088
公式X,例題,252,2019-02-01,第1回,社会,次のうち、プリツカー賞を受賞しているのは誰か。,安藤忠雄,,選択肢：安藤忠雄／山中伸弥／村上春樹／宮崎駿。ジャンルは投稿に明記,https://x.com/Chishikikentei/status/1091087029243281408
公式X,例題,253,2019-02-02,第1回,国際,EU（欧州連合）の創設を定めた、1992年に調印された条約は何か。,マーストリヒト条約,,選択肢：ウィーン条約／マーストリヒト条約／アムステルダム条約／リスボン条約。正解は当方の判断（正解発表の投稿を確認できず）。ジャンルは投稿に明記,https://x.com/Chishikikentei/status/1091495734006886400
公式X,例題,254,2019-02-03,第1回,自然科学,「昇華」とは、物質がどのように変化をすることか。,固体→気体,,選択肢：固体→液体／液体→気体／固体→気体／気体→液体。ジャンルは投稿に明記,https://x.com/Chishikikentei/status/1091856807893491713
公式X,例題,255,2019-02-04,第1回,生活,スープのヴィシソワーズが誕生した国はどこか。,アメリカ,,選択肢：アメリカ／フランス／イギリス／イタリア。ジャンルは投稿に明記,https://x.com/Chishikikentei/status/1092177206644621312
公式X,例題,256,2019-02-05,第1回,スポーツ,大相撲の次の力士のうち、日本出身なのは誰か。,御嶽海,○,選択肢：逸ノ城／御嶽海／玉鷲／栃ノ心。ジャンルは投稿に明記。再出題：2019-09-25,https://x.com/Chishikikentei/status/1092537654862700544
公式X,例題,257,2019-02-07,第1回,芸術,『荒城の月』『箱根八里』などの作曲を手掛けた音楽家は誰か。,滝廉太郎,,選択肢：滝廉太郎／山田耕筰／中山晋平／中田喜直。ジャンルは投稿に明記,https://x.com/Chishikikentei/status/1093306379425599488
公式X,例題,258,2019-02-08,第1回,カルチャー,次の温泉地のうち、世界遺産に含まれるのはどれか。,温泉津温泉,,選択肢：金田一温泉／修善寺温泉／温泉津温泉／湯布院温泉。ジャンルは投稿に明記,https://x.com/Chishikikentei/status/1093681916237078528
公式X,例題,259,2019-02-09,第1回,ことば,ビジネスで自社の課長（○○氏）を外部のお客様へ紹介する際、正しいのはどれか。,課長の○○です,,選択肢：課長の○○です／○○課長です／○○課長氏です／課長の○○さんです。ジャンルは投稿に明記,https://x.com/Chishikikentei/status/1094018582751600640
公式X,例題,260,2019-02-11,第1回,地理・歴史,浄土宗の開祖は誰か。,法然,,選択肢：最澄／法然／親鸞／空海。ジャンルは投稿に明記,https://x.com/Chishikikentei/status/1094786201863696384
公式X,例題,261,2019-02-12,第1回,政治・経済,次のうち、国税はどれか。,相続税,,選択肢：住民税／法人事業税／固定資産税／相続税。ジャンルは投稿に明記,https://x.com/Chishikikentei/status/1095074225730142208
公式X,例題,262,2019-02-13,第1回,社会,日本一高いビルがある都市はどこか。,大阪市,○,選択肢：横浜市／名古屋市／大阪市／福岡市。ジャンルは投稿に明記,https://x.com/Chishikikentei/status/1095437005108895745
公式X,例題,263,2019-02-14,第1回,国際,ドイツ語、フランス語、イタリア語、ロマンシュ語の4つが公用語の国はどこか。,スイス,,選択肢：デンマーク／スイス／オーストリア／ハンガリー。ジャンルは投稿に明記,https://x.com/Chishikikentei/status/1095799042737528832
公式X,例題,264,2019-02-15,第1回,自然科学,眼圧が上昇し、視神経が圧迫される視野が狭くなる眼の病気は何か。,緑内障,,選択肢：飛蚊症／結膜炎／白内障／緑内障。ジャンルは投稿に明記,https://x.com/Chishikikentei/status/1096160683559776256
公式X,例題,265,2019-02-16,第1回,生活,中国の桂花陳酒の「桂花」とは何のことか。,キンモクセイ,,選択肢：ウメ／スミレ／ボタン／キンモクセイ。ジャンルは投稿に明記,https://x.com/Chishikikentei/status/1096567251988230144
公式X,例題,266,2019-02-17,第1回,スポーツ,体操で十字懸垂とは、何の種目の技か。,つり輪,,選択肢：鉄棒／つり輪／平行棒／あん馬。ジャンルは投稿に明記,https://x.com/Chishikikentei/status/1096921994484805632
公式X,例題,267,2019-02-18,第1回,芸術,木村伊兵衛、土門拳は主に何の芸術ジャンルで活躍した人物か。,写真,,選択肢：彫刻／書道／版画／写真。ジャンルは投稿に明記,https://x.com/Chishikikentei/status/1097250191457939457
公式X,例題,268,2019-02-19,第1回,カルチャー,和歌山県のアドベンチャーワールドが飼育数日本一を誇る動物は次のどれか。,ジャイアントパンダ,,選択肢：ジャイアントパンダ／コアラ／ジンベイザメ／ジュゴン。ジャンルは投稿に明記,https://x.com/Chishikikentei/status/1097613247383916544
公式X,例題,269,2019-02-20,第1回,地理・歴史,『東方見聞録』を著したマルコ・ポーロは、現在のどこの国の人物か。,イタリア,,選択肢：スペイン／イタリア／ポルトガル／フランス。ジャンルは投稿に明記,https://x.com/Chishikikentei/status/1097973354806403072
公式X,例題,270,2019-02-21,第1回,国際,国民総幸福量という独自の考え方を打ち出すアジアの国はどこか。,ブータン,,選択肢：ネパール／ミャンマー／ラオス／ブータン。ジャンルは投稿に明記,https://x.com/Chishikikentei/status/1098334537031929856
公式X,例題,271,2019-02-22,第1回,生活,「祖先をうやまい、なくなった人々をしのぶ」日とされている祝日は何か。,秋分の日,,選択肢：春分の日／敬老の日／秋分の日／文化の日。ジャンルは投稿に明記,https://x.com/Chishikikentei/status/1098700521030934528
公式X,例題,272,2019-02-23,第1回,カルチャー,東北地方の秋の風物詩、芋煮会で主に用いられる芋は何か。,サトイモ,,選択肢：ジャガイモ／サツマイモ／ヤマノイモ／サトイモ。正解は当方の判断（正解発表の投稿を確認できず）。ジャンルは投稿に明記,https://x.com/Chishikikentei/status/1099073057845440512
公式X,例題,273,2019-02-28,第2回,国際,2月27日、米朝首脳会談が開催された東南アジアの国はどこか。,ベトナム,○,選択肢：マレーシア／ベトナム／ラオス／タイ。ジャンルは当方の判断,https://x.com/Chishikikentei/status/1100871030254366720
公式X,例題,274,2019-03-01,第2回,カルチャー,TT兄弟というリズムネタを演じているお笑いコンビは何か。,チョコレートプラネット,○,選択肢：ガリットチュウ／シソンヌ／チョコレートプラネット／ハライチ。ジャンルは当方の判断,https://x.com/Chishikikentei/status/1101236454645161985
公式X,例題,275,2019-03-04,第2回,ことば,次の「来る」の敬語のうち、謙譲語はどれか。,参る,,選択肢：参る／来られる／お見えになる／いらっしゃる。ジャンルは当方の判断,https://x.com/Chishikikentei/status/1102323710831153152
公式X,例題,276,2019-03-05,第2回,カルチャー,2019年4月、栃木県の文星芸術大学学長に就任するマンガ家は誰か。,ちばてつや,○,選択肢：さいとう・たかを／小池一夫／ちばてつや／里中満智子。ジャンルは当方の判断,https://x.com/Chishikikentei/status/1102681735693664256
公式X,例題,277,2019-03-06,第2回,政治・経済,アメリカの実業家・ロックフェラーは、財をなした商品から「“何”王」と呼ばれているか。,石油王,,選択肢：自動車王／石油王／鉄鋼王／航空王。ジャンルは当方の判断,https://x.com/Chishikikentei/status/1103045507142713344
公式X,例題,278,2019-03-07,第2回,生活,麺料理のフォー、春巻きのゴイクンはどこの国の料理か。,ベトナム,,選択肢：メキシコ／ブラジル／トルコ／ベトナム。ジャンルは当方の判断,https://x.com/Chishikikentei/status/1103408654017978368
公式X,例題,279,2019-03-08,第2回,自然科学,トウガラシの主な辛み成分は何か。,カプサイシン,,選択肢：ジンゲロール／カプサイシン／ベレラール／オイゲノール。ジャンルは当方の判断,https://x.com/Chishikikentei/status/1103813091580469249
公式X,例題,280,2019-03-11,第2回,国際,欧州中央銀行の本部があるドイツの金融都市はどこか。,フランクフルト,,選択肢：ベルリン／ミュンヘン／ハンブルク／フランクフルト。ジャンルは当方の判断,https://x.com/Chishikikentei/status/1104858934261641217
公式X,例題,281,2019-03-12,第2回,生活,サプリメントや美容液に多く用いられる「プラセンタ」とは何のことか。,胎盤,,選択肢：軟骨／胎盤／臍帯血／白血球。ジャンルは当方の判断。再出題：2019-10-31,https://x.com/Chishikikentei/status/1105222783519272960
公式X,例題,282,2019-03-13,第2回,地理・歴史,お茶の生産量で、静岡県に次いで2位の都道府県はどこか。,鹿児島県,,選択肢：埼玉県／三重県／京都府／鹿児島県。ジャンルは当方の判断,https://x.com/Chishikikentei/status/1105582239281111042
公式X,例題,283,2019-03-14,第2回,芸術,木村伊兵衛、土門拳は何の芸術ジャンルで活躍した人物か。,写真,,選択肢：油絵／彫刻／書道／写真。ジャンルは当方の判断,https://x.com/Chishikikentei/status/1105945556617093120
公式X,例題,284,2019-03-15,第2回,社会,ビジネスで重要とされる「ホウ・レン・ソウ」とは、それぞれ何か。,報告・連絡・相談,,選択肢：報告・連絡・相談／報道・連想・相談／報告・連絡・創造／報道・連想・創造。ジャンルは当方の判断,https://x.com/Chishikikentei/status/1106309603992559616
公式X,例題,285,2019-03-18,第2回,ことば,英語の慣用句“a piece of cake”に相当する日本語は何か。,朝飯前,,選択肢：朝飯前／雀の涙／ごまめの歯ぎしり／一時しのぎ。ジャンルは当方の判断,https://x.com/Chishikikentei/status/1107399080416669697
公式X,例題,286,2019-03-19,第2回,地理・歴史,仏教を厚く保護し、全国に国分寺と国分尼寺を建設した天皇は誰か。,聖武天皇,,選択肢：天智天皇／持統天皇／聖武天皇／桓武天皇。ジャンルは当方の判断,https://x.com/Chishikikentei/status/1107759238376374277
公式X,例題,287,2019-03-20,第2回,国際,庁舎の形から通称「ペンタゴン」というアメリカの省は何か。,国防総省,,選択肢：国土安全保障省／商務省／司法省／国防総省。ジャンルは当方の判断,https://x.com/Chishikikentei/status/1108120826673414144
公式X,例題,288,2019-03-22,第2回,自然科学,フォボス、ダイモスという衛星をもつ太陽系の惑星は何か。,火星,,選択肢：火星／木星／土星／天王星。ジャンルは当方の判断,https://x.com/Chishikikentei/status/1108846541899337728
公式X,例題,289,2019-03-25,第2回,スポーツ,フィギュアスケートの世界最高得点323.42点を記録している選手は誰か。,ネイサン・チェン,○,選択肢：羽生結弦／ハビエル・フェルナンデス／ネイサン・チェン／宇野昌磨。ジャンルは当方の判断,https://x.com/Chishikikentei/status/1109930669495312384
公式X,例題,290,2019-03-26,第2回,生活,毛織物のカシミアに使われるのは何の動物の毛か。,ヤギ,,選択肢：ヤギ／ヒツジ／ウサギ／ラクダ。ジャンルは当方の判断,https://x.com/Chishikikentei/status/1110295761508425735
公式X,例題,291,2019-03-27,第2回,ことば,ことわざ「紺屋のあさって」の意味は何か。,約束があてにならない,,選択肢：忙しくて自分のことに手が回らない／約束があてにならない／段取りが悪い／非常に待ち遠しい。ジャンルは当方の判断,https://x.com/Chishikikentei/status/1110654954761383937
公式X,例題,292,2019-03-28,第2回,カルチャー,漫画家の水木しげる記念館がある鳥取県の都市はどこか。,境港市,,選択肢：鳥取市／倉吉市／米子市／境港市。ジャンルは当方の判断,https://x.com/Chishikikentei/status/1111019237844226048
公式X,例題,293,2019-03-29,第2回,地理・歴史,次のうち、もっとも古い時代の遺跡はどれか。,三内丸山遺跡（青森県）,,選択肢：三内丸山遺跡（青森県）／登呂遺跡（静岡県）／纏向遺跡（奈良県）／吉野ケ里遺跡（佐賀県）。ジャンルは当方の判断,https://x.com/Chishikikentei/status/1111382546158243840
公式X,例題,294,2019-04-01,第2回,自然科学,光の三原色のうちLEDで最後まで発明されず、発明者がノーベル賞を受賞した色は何か。,青,,選択肢：赤／青／黄／緑。ジャンルは当方の判断,https://x.com/Chishikikentei/status/1112469382934888448
公式X,例題,295,2019-04-02,第2回,社会,新元号「令和」について正しいのは次のうちどれか。,「令」が使われる元号は初めてである,○,選択肢：「和」は過去元号にもっとも多く使われている／これまでの元号で50音順で最後である／「R」（ラ行）で始まる元号は初めてである／「令」が使われる元号は初めてである。ジャンルは当方の判断,https://x.com/Chishikikentei/status/1112828722497765376
公式X,例題,296,2019-04-03,第2回,政治・経済,アメリカの国務長官に相当する日本の閣僚は何か。,外務大臣,,選択肢：外務大臣／官房長官／法務大臣／総務大臣。ジャンルは当方の判断,https://x.com/Chishikikentei/status/1113193115408433153
公式X,例題,297,2019-04-04,第2回,カルチャー,嬉野温泉、武雄温泉は九州の何県にある温泉地か。,佐賀県,,選択肢：福岡県／佐賀県／長崎県／大分県。ジャンルは当方の判断,https://x.com/Chishikikentei/status/1113557272834101248
公式X,例題,298,2019-04-05,第2回,ことば,弱い者に味方をする「判官びいき」の「判官」とは、歴史上の人物である誰のことか。,源義経,,選択肢：平将門／源義経／明智光秀／大石内蔵助。ジャンルは当方の判断,https://x.com/Chishikikentei/status/1113920930093252608
公式X,例題,299,2019-04-08,第2回,地理・歴史,江戸時代、物流の中心であったことから「天下の台所」といわれたのはどこか。,大坂,,選択肢：金沢／名古屋／大坂／長崎。ジャンルは当方の判断,https://x.com/Chishikikentei/status/1115006616892403712
公式X,例題,300,2019-04-09,第2回,政治・経済,2024年に新しくなる予定の日本のお札の肖像に描かれている次の人物のうち、もっとも生まれたのが古いのは誰か。,渋沢栄一,○,選択肢：渋沢栄一／津田梅子／北里柴三郎／3人とも同じ年生まれ。ジャンルは当方の判断,https://x.com/Chishikikentei/status/1115369945603293184
公式X,例題,301,2019-04-10,第2回,国際,IAEA（国際原子力機関）の本部があるヨーロッパの都市はどこか？,ウィーン,,選択肢：パリ／ジュネーブ／ウィーン／ローマ。ジャンルは当方の判断,https://x.com/Chishikikentei/status/1115730156306309120
公式X,例題,302,2019-04-11,第2回,地理・歴史,天然記念物のマリモで有名な北海道の湖は何か。,阿寒湖,,選択肢：阿寒湖／摩周湖／洞爺湖／支笏湖。ジャンルは当方の判断,https://x.com/Chishikikentei/status/1116092743686582273
公式X,例題,303,2019-04-12,第2回,国際,4月11日、軍のクーデターにより30年に及ぶバシル大統領の独裁に終止符が打たれたアフリカの国はどこか。,スーダン,○,選択肢：アルジェリア／スーダン／エチオピア／ケニア。ジャンルは当方の判断,https://x.com/Chishikikentei/status/1116453835587772417
公式X,例題,304,2019-04-15,第2回,国際,パリの空港に名がつけられている歴史上の人物は誰か？,シャルル・ド・ゴール,,選択肢：ジャンヌ・ダルク／ルイ14世／ナポレオン・ボナパルト／シャルル・ド・ゴール。ジャンルは当方の判断,https://x.com/Chishikikentei/status/1117548193661603840
公式X,例題,305,2019-04-16,第2回,スポーツ,終了後に採点を待つ場所を、キス・アンド・クライという競技は何か。,フィギュアスケート,,選択肢：アーティスティックスイミング／新体操／馬術／フィギュアスケート。ジャンルは当方の判断,https://x.com/Chishikikentei/status/1117905891624251392
公式X,例題,306,2019-04-17,第2回,生活,北海道の郷土料理・石狩鍋の具材となる魚介類は何か。,サケ,,選択肢：ズワイガニ／サケ／ホタテ／マス。ジャンルは当方の判断,https://x.com/Chishikikentei/status/1118267059526225920
公式X,例題,307,2019-04-18,第2回,ことば,悔しがることを意味する「ほぞを噛む」の「ほぞ」とは、体のどの部分のことか。,へそ,,選択肢：くちびる／くび／へそ／ひざ。ジャンルは当方の判断,https://x.com/Chishikikentei/status/1118630308021035008
公式X,例題,308,2019-04-19,第2回,芸術,2024年に新しくなる予定の1000円札の裏面に描かれる浮世絵『神奈川沖浪裏』の作者は誰か。,葛飾北斎,,選択肢：葛飾北斎／喜多川歌麿／歌川広重／菱川師宣。ジャンルは当方の判断,https://x.com/Chishikikentei/status/1118991294565511169
公式X,例題,309,2019-04-22,第2回,社会,リボン運動で、子供の虐待防止のシンボルとして用いられているのは何リボンか。,オレンジリボン,,選択肢：ブルーリボン／オレンジリボン／ホワイトリボン／レッドリボン。ジャンルは当方の判断,https://x.com/Chishikikentei/status/1120081029551673344
公式X,例題,310,2019-04-23,第2回,自然科学,次の臓器のうち、循環器に分類されるのはどれか？,心臓,,選択肢：肺／心臓／肝臓／膵臓。ジャンルは当方の判断,https://x.com/Chishikikentei/status/1120442606264123392
公式X,例題,311,2019-04-24,第2回,カルチャー,10歳の仲邑菫さんが史上最年少プロとして活動する競技は何か。,囲碁,○,選択肢：囲碁／将棋／ダーツ／ボウリング。正解は当方の判断（正解発表の投稿を確認できず）。ジャンルは当方の判断。問題文の「仲村」は公式が「仲邑」に訂正,https://x.com/Chishikikentei/status/1120803860220530689
公式X,例題,312,2019-04-25,第2回,芸術,『オー・ソレ・ミーオ』『帰れソレントへ』はどこの国の民謡か。,イタリア,,選択肢：イギリス／フランス／イタリア／アメリカ。ジャンルは当方の判断,https://x.com/Chishikikentei/status/1121167169662750721
公式X,例題,313,2019-04-26,第2回,生活,フレンチレストランのコース料理で、テーブルに並んだナイフとフォークはどちら側から使うか。,外側から,,選択肢：内側から／外側から／真ん中から／決まっていない。ジャンルは当方の判断,https://x.com/Chishikikentei/status/1121528207113461760
公式X,例題,314,2019-04-29,第2回,スポーツ,次の女子卓球選手のうち、左打ちなのは誰か。,早田ひな,○,選択肢：伊藤美誠／平野美宇／加藤美優／早田ひな。ジャンルは当方の判断,https://x.com/Chishikikentei/status/1122626974302609409
公式X,例題,315,2019-05-01,第2回,社会,本日即位した今上天皇は、何代目の天皇か。,126代目,○,選択肢：106代目／126代目／146代目／166代目。ジャンルは当方の判断,https://x.com/Chishikikentei/status/1123387809140596736
公式X,例題,316,2019-05-02,第2回,スポーツ,アスリートが故障しやすいハムストリングスとは、体のどの部分の筋肉か。,太もも,,選択肢：首／背中／太もも／ふくらはぎ。ジャンルは当方の判断,https://x.com/Chishikikentei/status/1123774407237885952
公式X,例題,317,2019-05-04,第2回,ことば,「鬼に金棒」と同じ意味のことわざで「虎に“何”」というか。,翼,,選択肢：ひれ／翼／牙／脳。ジャンルは当方の判断,https://x.com/Chishikikentei/status/1124470132879683585
公式X,例題,318,2019-05-05,第2回,地理・歴史,世界三大仏教遺跡のひとつ、パガン遺跡がある国はどこか。,ミャンマー,,選択肢：カンボジア／ミャンマー／インド／スリランカ。ジャンルは当方の判断,https://x.com/Chishikikentei/status/1124837951286890497
公式X,例題,319,2019-05-06,第2回,政治・経済,次のうち、一般に「生産の三要素」に含まれないのはどれか？,需要,,選択肢：土地／資本／労働力／需要。ジャンルは当方の判断,https://x.com/Chishikikentei/status/1125201955024822272
公式X,例題,320,2019-05-07,第2回,自然科学,放射性元素のラジウムを発見した科学者は誰か。,マリー・キュリー,,選択肢：レントゲン／マリー・キュリー／ベクレル／マイトナー。ジャンルは当方の判断,https://x.com/Chishikikentei/status/1125517860741079040
公式X,例題,321,2019-05-08,第2回,スポーツ,ゴルフクラブで通称をクリークというのは何番ウッドか。,5番,,選択肢：2番／3番／4番／5番。ジャンルは当方の判断,https://x.com/Chishikikentei/status/1125875730359828480
公式X,例題,322,2019-05-09,第2回,社会,日本がもっとも多くの量のワインを輸入している国はどこか。（2018年）,チリ,○,選択肢：フランス／イタリア／アメリカ／チリ。ジャンルは当方の判断,https://x.com/Chishikikentei/status/1126235616679563264
公式X,例題,323,2019-05-10,第2回,ことば,ことわざ「陸に上がった河童」の意味は次のどれか。,環境が変わって力が発揮できない,,選択肢：環境が変わって力が発揮できない／絶対にありえない／抜け目がなく油断ならない／諦めが悪く未練がましい。ジャンルは当方の判断,https://x.com/Chishikikentei/status/1126605749746987008
公式X,例題,324,2019-05-12,第2回,社会,ビジネスで主に聞かれる、日本語では「説明責任」と訳される英語は何か。,アカウンタビリティ,,選択肢：オーソライズ／アカウンタビリティ／コンセンサス／バジェット。ジャンルは当方の判断,https://x.com/Chishikikentei/status/1127374550201585664
公式X,例題,325,2019-05-13,第2回,スポーツ,日本人陸上選手で、10秒の壁を破ったのは桐生祥秀と誰か。,サニブラウン・ハキーム,○,選択肢：サニブラウン・ハキーム／山縣亮太／ケンブリッジ飛鳥／飯塚翔太。ジャンルは当方の判断,https://x.com/Chishikikentei/status/1127690928347463680
公式X,例題,326,2019-05-14,第2回,カルチャー,嬉野温泉、武雄温泉は何県にある温泉地か。,佐賀県,,選択肢：福岡県／佐賀県／大分県／長崎県。ジャンルは当方の判断,https://x.com/Chishikikentei/status/1128048882389151744
公式X,例題,327,2019-05-15,第2回,国際,アメリカ大統領が連邦議会に示す教書で「三大教書」と呼ばれるのは、一般教書、予算教書と何か。,大統領経済報告,,選択肢：大統領経済報告／政策教書／外交報告／内務教書。ジャンルは当方の判断,https://x.com/Chishikikentei/status/1128414817323106304
公式X,例題,328,2019-05-16,第2回,ことば,ことわざ「頭かくして尻かくさず」の由来となったとされる鳥は何か。,雉,,選択肢：鳩／鶉／雉／鶴。ジャンルは当方の判断,https://x.com/Chishikikentei/status/1128776254734213120
公式X,例題,329,2019-05-17,第2回,地理・歴史,平安時代の僧侶・空海が開いた宗教は何か。,真言宗,,選択肢：天台宗／浄土宗／真言宗／曹洞宗。ジャンルは当方の判断,https://x.com/Chishikikentei/status/1129139559910916096
公式X,例題,330,2019-05-20,第2回,国際,次のうち、もっとも任期が長いのはどれか。,ロシア大統領,,選択肢：アメリカ大統領／ロシア大統領／フランス大統領／韓国大統領。ジャンルは当方の判断,https://x.com/Chishikikentei/status/1130227216560771072
公式X,例題,331,2019-05-21,第2回,スポーツ,次のうち、1チームの人数が異なる競技はどれか。,ポロ,,選択肢：フットサル／バスケットボール／ゲートボール／ポロ。ジャンルは当方の判断,https://x.com/Chishikikentei/status/1130590313985204224
公式X,例題,332,2019-05-22,第2回,生活,グリッシーニ、パネトーネはどこの国のパンか。,イタリア,,選択肢：イタリア／スペイン／デンマーク／オーストリア。ジャンルは当方の判断,https://x.com/Chishikikentei/status/1130951149492662272
公式X,例題,333,2019-05-23,第2回,芸術,「昔、男ありけり」で始まる平安時代の物語は何か。,伊勢物語,,選択肢：今昔物語集／竹取物語／栄花物語／伊勢物語。ジャンルは当方の判断,https://x.com/Chishikikentei/status/1131311840795930624
公式X,例題,334,2019-05-24,第2回,地理・歴史,中国地方の次の県のうち、世界遺産がないのはどこか。,鳥取県,,選択肢：鳥取県／島根県／広島県／山口県。ジャンルは当方の判断,https://x.com/Chishikikentei/status/1131676052156084224
公式X,例題,335,2019-05-27,第2回,国際,東南アジアの国で、キリスト教徒が国民の大半をしめるのはどこか。,フィリピン,,選択肢：フィリピン／ベトナム／タイ／ミャンマー。ジャンルは当方の判断,https://x.com/Chishikikentei/status/1132761915027886080
公式X,例題,336,2019-05-28,第2回,ことば,慣用句「芋を洗うよう」の芋とは何芋のことか。,サトイモ,,選択肢：ジャガイモ／サツマイモ／サトイモ／ヤマノイモ。ジャンルは当方の判断,https://x.com/Chishikikentei/status/1133122229162528769
公式X,例題,337,2019-05-29,第2回,地理・歴史,第二次世界大戦時に、日本、ドイツと三国同盟を結んだ国はどこか。,イタリア,,選択肢：オランダ／イタリア／エジプト／メキシコ。ジャンルは当方の判断,https://x.com/Chishikikentei/status/1133486588799832065
公式X,例題,338,2019-05-30,第2回,国際,イギリスを構成する国で、首都をベルファストに置くのはどこか。,北アイルランド,,選択肢：イングランド／ウェールズ／スコットランド／北アイルランド。ジャンルは当方の判断,https://x.com/Chishikikentei/status/1133848845782212609
公式X,例題,339,2019-05-31,第2回,芸術,シューベルト、モーツァルトはどこの国の作曲家か。,オーストリア,,選択肢：オーストリア／ドイツ／ポーランド／フランス。ジャンルは当方の判断,https://x.com/Chishikikentei/status/1134211605237862400
公式X,例題,340,2019-06-03,第2回,国際,UNESCO（国際連合教育科学文化機関）の本部が置かれている都市はどこか。,パリ,,選択肢：ロンドン／ニューヨーク／ブリュッセル／パリ。ジャンルは当方の判断。再出題：2020-03-09,https://x.com/Chishikikentei/status/1135297409251065858
公式X,例題,341,2019-06-04,第2回,カルチャー,2019年5月、フランスの芸術文化勲章を受章した漫画家は誰か。,鳥山明,○,選択肢：鳥山明／弘兼憲史／小林よしのり／青山剛昌。ジャンルは当方の判断,https://x.com/Chishikikentei/status/1135660287577604096
公式X,例題,342,2019-06-05,第2回,国際,2019年4月、首都を移転することを閣議決定した、東南アジアの国はどこか。,インドネシア,○,選択肢：フィリピン／タイ／ベトナム／インドネシア。ジャンルは当方の判断,https://x.com/Chishikikentei/status/1136024241139118080
公式X,例題,343,2019-06-06,第2回,生活,銀婚式は、何年目の結婚記念日か。,25年目,,選択肢：15年目／20年目／25年目／30年目。ジャンルは当方の判断,https://x.com/Chishikikentei/status/1136386149738356736
公式X,例題,344,2019-06-07,第2回,地理・歴史,戊辰戦争の際、白虎隊という少年による軍隊を結成したのは何藩か。,会津藩,,選択肢：会津藩／水戸藩／長岡藩／松前藩。ジャンルは当方の判断。再出題：2020-03-25,https://x.com/Chishikikentei/status/1136746794849669121
公式X,例題,345,2019-06-10,第2回,芸術,童話『オズの魔法使い』で、勇気を欲しがる臆病な動物は何か。,ライオン,,選択肢：ゾウ／ライオン／ウマ／クジラ。ジャンルは当方の判断,https://x.com/Chishikikentei/status/1137837195379716096
公式X,例題,346,2019-06-11,第2回,生活,次のうち、米料理でないのはどれか。,ムサカ,,選択肢：ビリヤニ／パエリア／ジャンバラヤ／ムサカ。ジャンルは当方の判断,https://x.com/Chishikikentei/status/1138197182618542085
公式X,例題,347,2019-06-12,第2回,ことば,次のことわざのうち、明らかに意味合いが異なるのはどれか。,河童に水練,,選択肢：河童に水練／ぬかに釘／のれんに腕押し／豆腐にかすがい。ジャンルは当方の判断,https://x.com/Chishikikentei/status/1138560704171061248
公式X,例題,348,2019-06-13,第2回,国際,今年（2019年）8月、主要国首脳会議が開催されるビアリッツはどこの国の都市か。,フランス,○,選択肢：ドイツ／フランス／イタリア／カナダ。ジャンルは当方の判断,https://x.com/Chishikikentei/status/1138923732460658688
公式X,例題,349,2019-06-14,第2回,スポーツ,男子ゴルフの四大大会で、特に「The Open」と呼ばれるのは何か。,全英オープン,,選択肢：全英オープン／全米オープン／全米プロ／マスターズ。ジャンルは当方の判断,https://x.com/Chishikikentei/status/1139283544755171328
公式X,例題,350,2019-06-17,第2回,政治・経済,石油王と呼ばれた、20世紀初頭のアメリカの実業家は誰か。,ロックフェラー,,選択肢：カーネギー／ハースト／フォード／ロックフェラー。ジャンルは当方の判断,https://x.com/Chishikikentei/status/1140380006192832512
公式X,例題,351,2019-06-18,第2回,自然科学,次のうち、北極星を見つける際の目印に用いられる星座はどれか。,カシオペア座,,選択肢：オリオン座／さそり座／カシオペア座／いて座。ジャンルは当方の判断,https://x.com/Chishikikentei/status/1140733181626220544
公式X,例題,352,2019-06-19,第2回,生活,書き損じた通常ハガキを郵便局で新しいものに交換してもらう時の手数料は何円か。,5円,,選択肢：なし／5円／10円／20円。ジャンルは当方の判断,https://x.com/Chishikikentei/status/1141096324844023808
公式X,例題,353,2019-06-20,第2回,芸術,浮世絵『東海道五十三次』を描いた江戸時代の画家は誰か。,歌川広重,,選択肢：歌川広重／葛飾北斎／喜多川歌麿／菱川師宣。ジャンルは当方の判断,https://x.com/Chishikikentei/status/1141458784595742720
公式X,例題,354,2019-06-21,第2回,地理・歴史,日本と中国の時差は何時間か。,1時間,,選択肢：なし／0.5時間／1時間／2時間。ジャンルは当方の判断,https://x.com/Chishikikentei/status/1141822014732161024
公式X,例題,355,2019-06-24,第2回,ことば,慣用句で適当なことをいって相手をごまかすことを、ある楽器にたとえて何というか。,三味線を弾く,,選択肢：太鼓を持つ／喇叭を吹く／三味線を弾く／銅鑼を打つ。ジャンルは当方の判断,https://x.com/Chishikikentei/status/1142908758529417216
公式X,例題,356,2019-06-25,第2回,自然科学,緑青とは何の金属にできる錆のことか。,銅,,選択肢：銅／鉄／銀／金。ジャンルは当方の判断,https://x.com/Chishikikentei/status/1143269767391789056
公式X,例題,357,2019-06-26,第2回,生活,稲庭うどんは何県の郷土料理か。,秋田県,,選択肢：青森県／秋田県／岩手県／山形県。ジャンルは当方の判断,https://x.com/Chishikikentei/status/1143631744983158784
公式X,例題,358,2019-06-27,第2回,スポーツ,2019年5月につけられた「BIRD JAPAN」とは、何の競技の日本代表の愛称か。,バドミントン,○,選択肢：テニス／バドミントン／卓球／ゴルフ。正解は当方の判断（正解発表の投稿を確認できず）。ジャンルは当方の判断。問題文の年は公式が「2018年」から「2019年」に訂正,https://x.com/Chishikikentei/status/1143995773832454144
公式X,例題,359,2019-06-28,第2回,地理・歴史,京都五山と呼ばれる寺のうち、第一位より上の別格上位とされるのはどこか。,南禅寺,,選択肢：南禅寺／天龍寺／相国寺／建仁寺。ジャンルは当方の判断,https://x.com/Chishikikentei/status/1144357402210213888
公式X,例題,360,2019-07-01,第2回,社会,次のうち、もっとも若い年齢で行えることはどれか。,遺言を書く,,選択肢：原付免許を取得する／女性が結婚する／国政選挙の選挙権を得る／遺言を書く。ジャンルは当方の判断,https://x.com/Chishikikentei/status/1145451733495140352
公式X,例題,361,2019-07-02,第2回,スポーツ,サッカーのタイ代表監督に就任が決定した日本人は誰か。,西野朗,○,選択肢：岡田武史／西野朗／中田英寿／高木琢也。ジャンルは当方の判断,https://x.com/Chishikikentei/status/1145806393443667968
公式X,例題,362,2019-07-03,第2回,芸術,『トロイカ』『一週間』は、どこの国の民謡か。,ロシア,,選択肢：ロシア／イギリス／フランス／カナダ。ジャンルは当方の判断,https://x.com/Chishikikentei/status/1146168607686066176
公式X,例題,363,2019-07-04,第2回,ことば,次の故事成語のうち、由来が『三国志』でないのはどれか。,刎頸の交わり,,選択肢：刎頸の交わり／白眉／三顧の礼／泣いて馬謖を斬る。ジャンルは当方の判断,https://x.com/Chishikikentei/status/1146531639608037376
公式X,例題,364,2019-07-05,第2回,生活,韓国料理のタッカルビに用いられるのは何の肉か。,鶏肉,,選択肢：豚肉／牛肉／鶏肉／羊肉。ジャンルは当方の判断,https://x.com/Chishikikentei/status/1146892267648499712
公式X,例題,365,2019-07-08,第2回,地理・歴史,日露戦争の講和条約「ポーツマス条約」が締結された都市・ポーツマスがある国はどこか。,アメリカ,,選択肢：イギリス／フランス／ドイツ／アメリカ。ジャンルは当方の判断,https://x.com/Chishikikentei/status/1147981463930863617
公式X,例題,366,2019-07-09,第2回,カルチャー,リゾート地として知られるセブ島がある国はどこか。,フィリピン,,選択肢：フィリピン／タイ／ベトナム／インドネシア。ジャンルは当方の判断,https://x.com/Chishikikentei/status/1148343811501780992
公式X,例題,367,2019-07-10,第2回,自然科学,人間の内臓で、古くなった血液を分解する役割をもつのは何か。,脾臓,,選択肢：膵臓／肝臓／脾臓／腎臓。ジャンルは当方の判断。正解発表は「肝臓」だったが、公式が指摘を受けて「脾臓」の誤りと訂正,https://x.com/Chishikikentei/status/1148706367093391360
公式X,例題,368,2019-07-11,第2回,生活,7月の誕生石は何か。,ルビー,,選択肢：ダイヤモンド／エメラルド／ルビー／サファイア。ジャンルは当方の判断,https://x.com/Chishikikentei/status/1149069403280961536
公式X,例題,369,2019-07-12,第2回,芸術,次のうち、一般に「音楽の三要素」に含まれないものはどれか。,テンポ,,選択肢：メロディ／テンポ／リズム／ハーモニー。ジャンルは当方の判断,https://x.com/Chishikikentei/status/1149431025753178112
公式X,例題,370,2019-07-16,第2回,ことば,「朝三暮四」「断腸の思い」の故事に共通して登場する動物は何か。,猿,,選択肢：猿／犬／牛／馬。ジャンルは当方の判断,https://x.com/Chishikikentei/status/1150920779170664448
公式X,例題,371,2019-07-17,第2回,地理・歴史,太平洋戦争のきっかけとなった、日本軍が奇襲したパールハーバーがあるハワイの島はどこか。,オアフ島,,選択肢：ハワイ島／オアフ島／マウイ島／カウアイ島。ジャンルは当方の判断,https://x.com/Chishikikentei/status/1151242351265775617
公式X,例題,372,2019-07-18,第2回,国際,現在の国連事務総長・グテレスはどこの国の人物か。,ポルトガル,○,選択肢：オランダ／ポルトガル／エジプト／メキシコ。ジャンルは当方の判断,https://x.com/Chishikikentei/status/1151606620893270016
公式X,例題,373,2019-07-19,第2回,社会,労働基準法で定められている、1週間の法定労働時間は原則として何時間か。,40時間,,選択肢：36時間／40時間／44時間／48時間。ジャンルは当方の判断,https://x.com/Chishikikentei/status/1151972982660583424
公式X,例題,374,2019-07-22,第2回,スポーツ,高校ラグビーの聖地・花園ラグビー場がある都道府県はどこか。,大阪府,,選択肢：京都府／大阪府／兵庫県／奈良県。ジャンルは当方の判断,https://x.com/Chishikikentei/status/1153055806708826112
公式X,例題,375,2019-07-23,第2回,生活,スキンケアに用いられるスクワランオイルがとれる生きものは何か。,サメ,,選択肢：サメ／クマ／ヒツジ／クジラ。ジャンルは当方の判断,https://x.com/Chishikikentei/status/1153425139909849088
公式X,例題,376,2019-07-24,第2回,芸術,ボサノバはどこの国を中心に発展した音楽か。,ブラジル,,選択肢：メキシコ／キューバ／ブラジル／アルゼンチン。ジャンルは当方の判断,https://x.com/Chishikikentei/status/1153780473341984768
公式X,例題,377,2019-07-26,第2回,ことば,「来る」の敬語で、次のうち尊敬語でないのはどれか。,お伺いする,,選択肢：いらっしゃる／お見えになる／来られる／お伺いする。ジャンルは当方の判断,https://x.com/Chishikikentei/status/1154503949304516608
公式X,例題,378,2019-07-29,第2回,国際,1970年代まで「白豪主義」という白人優遇政策をとっていた国はどこか。,オーストラリア,,選択肢：オーストラリア／ブラジル／南アフリカ共和国／インド。ジャンルは当方の判断,https://x.com/Chishikikentei/status/1155593917657567232
公式X,例題,379,2019-07-30,第2回,スポーツ,次のうち、他の3人と異なる競技の選手は誰か。,山口茜,○,選択肢：加藤美優／長崎美柚／芝田沙季／山口茜。正解は当方の判断（正解発表の投稿を確認できず）。ジャンルは当方の判断,https://x.com/Chishikikentei/status/1155954958249820160
公式X,例題,380,2019-07-31,第2回,カルチャー,次の映画のうち、黒澤明監督作品でないのはどれか。,東京物語,,選択肢：七人の侍／生きる／東京物語／羅生門。ジャンルは当方の判断,https://x.com/Chishikikentei/status/1156351468351287296
公式X,例題,381,2019-08-01,第2回,国際,アメリカの永住権証明書のことを、その色から通称“何”カードというか。,グリーン,,選択肢：レッド／ホワイト／イエロー／グリーン。ジャンルは当方の判断,https://x.com/Chishikikentei/status/1156679464283070464
公式X,例題,382,2019-08-02,第2回,地理・歴史,「人間は考える葦である」という言葉で知られる、フランスの哲学者は誰か。,パスカル,,選択肢：デカルト／カント／パスカル／モンテスキュー。正解は当方の判断（正解発表の投稿を確認できず）。ジャンルは当方の判断,https://x.com/Chishikikentei/status/1157041195060613121
公式X,例題,383,2019-08-05,第2回,国際,高層ビルのペトロナスツインタワーがある、アジアの都市はどこか。,クアラルンプール,,選択肢：マニラ／ニューデリー／クアラルンプール／バンコク。ジャンルは当方の判断,https://x.com/Chishikikentei/status/1158131257273831425
公式X,例題,384,2019-08-06,第2回,ことば,「物語のさわりの部分」とは、物語のどの部分のことか。,核心の部分,,選択肢：核心の部分／冒頭の部分／些末な部分／結末の部分。ジャンルは当方の判断,https://x.com/Chishikikentei/status/1158497977415000064
公式X,例題,385,2019-08-07,第2回,地理・歴史,ナポレオンが失脚するきっかけとなった、ワーテルローの戦いの舞台となったワーテルローがあるのは現在のどこの国か。,ベルギー,,選択肢：フランス／ベルギー／ドイツ／オランダ。ジャンルは当方の判断,https://x.com/Chishikikentei/status/1158853217783967744
公式X,例題,386,2019-08-08,第2回,地理・歴史,大分県の特産品とされる柑橘類は何か。,カボス,,選択肢：カボス／スダチ／ユズ／ハッサク。ジャンルは当方の判断,https://x.com/Chishikikentei/status/1159217100805701633
公式X,例題,387,2019-08-09,第2回,地理・歴史,室町時代、日本と勘合貿易を行っていた頃の中国の王朝は何か。,明,,選択肢：宋／元／明／清。ジャンルは当方の判断,https://x.com/Chishikikentei/status/1159579772332019713
公式X,例題,388,2019-08-12,第2回,国際,韓国大統領官邸を、その色から英語で何というか。,ブルーハウス,,選択肢：シルバーハウス／ブルーハウス／ブラウンハウス／ブラックハウス。ジャンルは当方の判断,https://x.com/Chishikikentei/status/1160722462503387138
公式X,例題,389,2019-08-13,第2回,自然科学,ソバに多く含まれる、毛細血管の強化や動脈硬化の予防に効果があるとされるフラボノイドは何か。,ルチン,,選択肢：カテキン／ルチン／イソフラボン／タンニン。ジャンルは当方の判断,https://x.com/Chishikikentei/status/1161027536828030977
公式X,例題,390,2019-08-15,第2回,地理・歴史,お茶の生産量が静岡県に次いで2番目に多い都道府県はどこか。,鹿児島県,,選択肢：埼玉県／京都府／三重県／鹿児島県。ジャンルは当方の判断,https://x.com/Chishikikentei/status/1161754666897592321
公式X,例題,391,2019-08-16,第2回,芸術,代々襲名される酒井田柿右衛門は、何という焼き物の陶芸家か。,有田焼,,選択肢：九谷焼／有田焼／信楽焼／益子焼。ジャンルは当方の判断。再出題：2020-04-20,https://x.com/Chishikikentei/status/1162113222427594752
公式X,例題,392,2019-08-19,第2回,自然科学,2019年に流行している、エンテロウィルスやコクサッキーウィルスなどが主な原因の感染症は何か。,手足口病,○,選択肢：はしか／風疹／手足口病／おたふく風邪。ジャンルは当方の判断,https://x.com/Chishikikentei/status/1163234362726309893
公式X,例題,393,2019-08-20,第2回,ことば,英語の慣用句“sour grapes”を日本語では何というか。,負け惜しみ,,選択肢：負け惜しみ／見掛け倒し／矛盾／大器晩成。ジャンルは当方の判断,https://x.com/Chishikikentei/status/1163591129503170565
公式X,例題,394,2019-08-21,第2回,地理・歴史,江戸時代、元禄文化が全盛だった頃の将軍は誰か。,徳川綱吉,,選択肢：徳川家光／徳川綱吉／徳川吉宗／徳川家斉。ジャンルは当方の判断,https://x.com/Chishikikentei/status/1163968763340845056
公式X,例題,395,2019-08-22,第2回,芸術,ピカソの絵画『ゲルニカ』の題材となっているのは、どこの国で起きた内戦か。,スペイン,,選択肢：スペイン／メキシコ／イタリア／フランス。ジャンルは当方の判断,https://x.com/Chishikikentei/status/1164332222901411840
公式X,例題,396,2019-08-24,第2回,スポーツ,現役のプロ野球選手で、通算最多本塁打を記録している選手は誰か。,中村剛也（西武）,○,選択肢：阿部慎之助（巨人）／中村剛也（西武）／バレンティン（ヤクルト）／福留孝介（阪神）。ジャンルは当方の判断,https://x.com/Chishikikentei/status/1165089323412160512
公式X,例題,397,2019-08-25,第2回,社会,「おじ・おば」「甥・姪」「曾祖父母」は、いずれも何親等の関係か。,3親等,,選択肢：2親等／3親等／4親等／5親等。正解は当方の判断（正解発表の投稿を確認できず）。ジャンルは当方の判断,https://x.com/Chishikikentei/status/1165441954676477953
公式X,例題,398,2019-08-26,第2回,地理・歴史,ハワイ州の州都・ホノルルがある島はどこか。,オアフ島,,選択肢：ハワイ島／オアフ島／マウイ島／カウアイ島。ジャンルは当方の判断,https://x.com/Chishikikentei/status/1165743057204985856
公式X,例題,399,2019-08-27,第2回,生活,押し寿司のバッテラに一般的に用いられる魚は何か。,鯖,,選択肢：鯖／鰤／鯛／鰯。ジャンルは当方の判断,https://x.com/Chishikikentei/status/1166143576306139136
公式X,例題,400,2019-08-28,第2回,地理・歴史,「マグレブ」とはどこの大陸にある国々を指す言葉か。,アフリカ大陸,,選択肢：南アメリカ大陸／ヨーロッパ大陸／アジア大陸／アフリカ大陸。ジャンルは当方の判断,https://x.com/Chishikikentei/status/1166462833422286848
公式X,例題,401,2019-08-29,第2回,生活,豊水、幸水とは何の果物の品種か。,梨,,選択肢：柿／梨／ぶどう／りんご。ジャンルは当方の判断,https://x.com/Chishikikentei/status/1166825649224310785
公式X,例題,402,2019-08-30,第2回,ことば,茶道の精神とされる四字熟語は何か。,一期一会,,選択肢：一期一会／一心精進／一諾千金／一切衆生。ジャンルは当方の判断,https://x.com/Chishikikentei/status/1167228325737009153
公式X,例題,403,2019-08-31,第2回,芸術,『五木の子守唄』『おてもやん』は、どこの都道府県の民謡か。,熊本県,,選択肢：新潟県／栃木県／京都府／熊本県。ジャンルは当方の判断,https://x.com/Chishikikentei/status/1167601543610163200
公式X,例題,404,2019-09-02,第2回,カルチャー,次のカードゲームのうち、1セットの枚数がもっとも多いのはどれか。,UNO,,選択肢：タロットカード／トランプ／花札／UNO。ジャンルは当方の判断,https://x.com/Chishikikentei/status/1168279046716739589
公式X,例題,405,2019-09-04,第2回,自然科学,ブルーベリーやムラサキイモに多く含まれるフラボノイドで、視力回復に効果があるともいわれるものは何か。,アントシアニン,,選択肢：アントシアニン／イソフラボン／カテキン／フラバノン。正解は当方の判断（正解発表の投稿を確認できず）。ジャンルは当方の判断,https://x.com/Chishikikentei/status/1169001352984440833
公式X,例題,406,2019-09-05,第2回,政治・経済,一次産業に分類される農業、水産業者が、二次産業の加工、三次産業の流通・販売まで行うことを何というか。,六次産業,,選択肢：総合産業／一括産業／河川産業／六次産業。ジャンルは当方の判断,https://x.com/Chishikikentei/status/1169394606917615616
公式X,例題,407,2019-09-06,第2回,生活,次の長寿の祝いのうち、もっとも年齢が高いのはどれか。,卒寿,,選択肢：米寿／傘寿／卒寿／喜寿。正解は当方の判断（正解発表の投稿を確認できず）。ジャンルは当方の判断,https://x.com/Chishikikentei/status/1169766647294394369
公式X,例題,408,2019-09-09,第2回,生活,おきゅうと、がめ煮は何県の郷土料理か。,福岡県,,選択肢：青森県／長野県／広島県／福岡県。ジャンルは当方の判断,https://x.com/Chishikikentei/status/1170856797718007808
公式X,例題,409,2019-09-10,第2回,地理・歴史,旧石器時代の壁画で知られるアルタミラ洞窟がある国はどこか。,スペイン,,選択肢：イタリア／スペイン／フランス／ギリシャ。ジャンルは当方の判断,https://x.com/Chishikikentei/status/1171177749618184197
公式X,例題,410,2019-09-11,第2回,芸術,『シートン動物記』に登場するロボは、何の動物か。,オオカミ,,選択肢：トラ／ウマ／オオカミ／ライオン。ジャンルは当方の判断。再出題：2020-03-11,https://x.com/Chishikikentei/status/1171570821308923906
公式X,例題,411,2019-09-12,第2回,ことば,「極楽とんぼ」とはどのような人のことか。,のんきな人,,選択肢：頭の良い人／のんきな人／陽気な人／足の速い人。ジャンルは当方の判断,https://x.com/Chishikikentei/status/1171931744758460416
公式X,例題,412,2019-09-13,第2回,地理・歴史,エトワール広場、コンコルド広場がある都市はどこか。,パリ,,選択肢：パリ／ローマ／ロンドン／バルセロナ。ジャンルは当方の判断,https://x.com/Chishikikentei/status/1172264457243770880
公式X,例題,413,2019-09-17,第2回,生活,スープのビシソワーズの主な材料となる野菜は何か。,ジャガイモ,,選択肢：トウモロコシ／ジャガイモ／トマト／キャベツ。ジャンルは当方の判断,https://x.com/Chishikikentei/status/1173720670208851969
公式X,例題,414,2019-09-18,第2回,地理・歴史,世界の川で、もっとも流域面積が広いのはどこか。,アマゾン川,,選択肢：ナイル川／アマゾン川／ミシシッピ川／長江。ジャンルは当方の判断,https://x.com/Chishikikentei/status/1174104671884996608
公式X,例題,415,2019-09-19,第2回,カルチャー,クリケット、カウント・アップ、501などの種目があるゲームは何か。,ダーツ,,選択肢：ビリヤード／ボウリング／ダーツ／チェス。ジャンルは当方の判断,https://x.com/Chishikikentei/status/1174472868362473472
公式X,例題,416,2019-09-20,第2回,社会,データマイニングの典型とされる、スーパーマーケットで赤ちゃん用オムツと一緒に買われる傾向がある商品とは何か。,ビール,,選択肢：シャンプー／ビール／トイレットペーパー／カップラーメン。ジャンルは当方の判断,https://x.com/Chishikikentei/status/1174836972289847301
公式X,例題,417,2019-09-23,第2回,国際,カンタス航空が本拠をおく国はどこか。,オーストラリア,,選択肢：メキシコ／オーストラリア／エジプト／ニュージーランド。ジャンルは当方の判断,https://x.com/Chishikikentei/status/1175973859947712513
公式X,例題,418,2019-09-26,第2回,社会,企業のCFOとは、最高“何”責任者のことか。,財務,,選択肢：執行／技術／財務／戦略。ジャンルは当方の判断,https://x.com/Chishikikentei/status/1176975355011162113
公式X,例題,419,2019-09-30,第2回,芸術,プロレタリア文学の小説『蟹工船』の作者は誰か。,小林多喜二,,選択肢：仲野重治／葉山嘉樹／徳永直／小林多喜二。ジャンルは当方の判断,https://x.com/Chishikikentei/status/1178423968354582528
公式X,例題,420,2019-10-01,第2回,芸術,中国の景徳鎮は、何の生産地として知られる都市か。,磁器,,選択肢：鋳物／磁器／繊維／時計。ジャンルは当方の判断,https://x.com/Chishikikentei/status/1178789130584506368
公式X,例題,421,2019-10-03,第2回,生活,3月3日のひなまつりで、一生ひとりの人と寄り添うという意味でお吸い物に入れる魚介類は何か。,ハマグリ,,選択肢：タイ／ハマグリ／カキ／エビ。ジャンルは当方の判断,https://x.com/Chishikikentei/status/1179509697092579328
公式X,例題,422,2019-10-07,第2回,芸術,写真家の岩合光昭が主に被写体として収めているのは次のどれか。,ネコ,,選択肢：ネコ／鉄道／山／戦場。ジャンルは当方の判断,https://x.com/Chishikikentei/status/1180962500646297600
公式X,例題,423,2019-10-08,第2回,芸術,「いづれの御時にか、女御、更衣」という書き出しで始まる文学作品は何か。,源氏物語,,選択肢：伊勢物語／竹取物語／源氏物語／平家物語。ジャンルは当方の判断。再出題：2020-01-06,https://x.com/Chishikikentei/status/1181324525750775810
公式X,例題,424,2019-10-10,第2回,地理・歴史,浄土真宗の開祖は誰か。,親鸞,,選択肢：一遍／栄西／最澄／親鸞。ジャンルは当方の判断,https://x.com/Chishikikentei/status/1182079215891468288
公式X,例題,425,2019-10-11,第2回,政治・経済,公正取引委員会は、主に何という法律の運用のために設置された機関か。,独占禁止法,,選択肢：製造物責任法／独占禁止法／会社法／不正競争防止法。ジャンルは当方の判断。再出題：2020-02-21,https://x.com/Chishikikentei/status/1182410102914961410
公式X,例題,426,2019-10-16,第2回,地理・歴史,アメリカの独立が宣言された都市はどこか。,フィラデルフィア,,選択肢：ワシントンD.C.／ニューヨーク／ボストン／フィラデルフィア。ジャンルは当方の判断。再出題：2020-07-10,https://x.com/Chishikikentei/status/1184253956769251328
公式X,例題,427,2019-10-17,第2回,スポーツ,プロ野球の現役投手で、通算セーブ数がもっとも多いのは誰か。,藤川球児（阪神）,○,選択肢：サファテ（ソフトバンク）／藤川球児（阪神）／山﨑康晃（DeNA)／松井裕樹（楽天）。ジャンルは当方の判断,https://x.com/Chishikikentei/status/1184616680279773184
公式X,例題,428,2019-10-18,第2回,政治・経済,アメリカ人のジェフ・ベゾスらが創業した大企業は何か。,アマゾン,,選択肢：アマゾン／フェイスブック／ウーバー／テスラ。正解は当方の判断（正解発表の投稿を確認できず）。ジャンルは当方の判断,https://x.com/Chishikikentei/status/1184980887177318400
公式X,例題,429,2019-10-21,第2回,芸術,『レ・ミゼラブル』の作者であるフランスの作家は誰か。,ユゴー,,選択肢：バルザック／ユゴー／スタンダール／ゾラ。ジャンルは当方の判断,https://x.com/Chishikikentei/status/1186033238537408513
公式X,例題,430,2019-10-23,第2回,カルチャー,フィッシャーマンズワーフ、ゴールデンゲートブリッジなどの観光地で知られるアメリカの都市はどこか。,サンフランシスコ,,選択肢：シアトル／サンフランシスコ／ロサンゼルス／サンディエゴ。ジャンルは当方の判断,https://x.com/Chishikikentei/status/1186793273559375872
公式X,例題,431,2019-10-24,第2回,カルチャー,2019年に結婚した次の女優のうち、夫が芸能人でないのは誰か。,新川優愛,○,選択肢：蒼井優／平山あや／新川優愛／水川あさみ。ジャンルは当方の判断,https://x.com/Chishikikentei/status/1187152490204028929
公式X,例題,432,2019-10-25,第2回,政治・経済,政令指定都市になるための要件は、人口何万人以上と定められているか。,50万人,,選択肢：30万人／50万人／80万人／100万人。ジャンルは当方の判断,https://x.com/Chishikikentei/status/1187516908850966528
公式X,例題,433,2019-10-26,第2回,カルチャー,2020年の大河ドラマ『麒麟が来る』で主人公として描かれる戦国武将は誰か。,明智光秀,○,選択肢：明智光秀／今川義元／北条早雲／長宗我部元親。ジャンルは当方の判断,https://x.com/Chishikikentei/status/1187883878372872192
公式X,例題,434,2019-10-28,第2回,自然科学,真夏日とは、1日の最高気温がセ氏何度以上の日か。,30度,,選択肢：20度／25度／30度／35度。ジャンルは当方の判断,https://x.com/Chishikikentei/status/1188571680592953344
公式X,例題,435,2019-10-29,第2回,地理・歴史,地球球体説を唱えた学者・トスカネリが、特に影響を与えた人物とは誰か。,コロンブス,,選択肢：マルコ・ポーロ／ニュートン／ガリレオ／コロンブス。ジャンルは当方の判断,https://x.com/Chishikikentei/status/1188932779251126272
公式X,例題,436,2019-10-30,第2回,ことば,「ぞっとしない」の意味はどれか。,面白くない,,選択肢：面白くない／怖くない／うるさくない／難しくない。ジャンルは当方の判断,https://x.com/Chishikikentei/status/1189341732284047360
公式X,例題,437,2019-11-01,第2回,ことば,「伯父」と「叔父」の使い分けで、正しいのはどれか。,両親の兄が「伯父」、弟が「叔父」,,選択肢：両親の兄が「伯父」、弟が「叔父」／両親の兄が「叔父」、弟が「伯父」／父の兄弟が「伯父」、母の兄弟が「叔父」／父の兄弟が「叔父」、母の兄弟が「伯父」。ジャンルは当方の判断,https://x.com/Chishikikentei/status/1190022151384059904
公式X,例題,438,2019-11-04,第2回,地理・歴史,地球の陸と海のおよその割合は何対何か。,陸3:海7,,選択肢：陸2:海8／陸3:海7／陸4:海6／陸5:海5。ジャンルは当方の判断,https://x.com/Chishikikentei/status/1191154749216657408
公式X,例題,439,2019-11-06,第2回,ことば,イソップ童話『アリとキリギリス』の教訓としてもっとも適切なのは、次のうちどれか。,因果応報,,選択肢：因果応報／公明正大／油断大敵／衣食礼節。ジャンルは当方の判断,https://x.com/Chishikikentei/status/1191862388166807552
公式X,例題,440,2019-11-07,第2回,国際,中国で「卵からと入院まで」といわれるのは、何の分野に関わるフレーズか。,e-コマース,,選択肢：ロジスティクス／e-コマース／ジェネリック医薬品／付加価値税。ジャンルは当方の判断,https://x.com/Chishikikentei/status/1192241178499895298
公式X,例題,441,2019-11-08,第2回,芸術,「ピアノの魔術師」と呼ばれた音楽家は誰か。,リスト,,選択肢：リスト／ショパン／モーツァルト／バッハ。ジャンルは当方の判断,https://x.com/Chishikikentei/status/1192558280368803840
公式X,例題,442,2019-11-11,第2回,生活,次のパスタ料理のうち、一般にトマトソースでないのはどれか。,ジェノベーゼ,,選択肢：ペスカトーレ／アマトリチャーナ／プッタネスカ／ジェノベーゼ。ジャンルは当方の判断。再出題：2020-07-31,https://x.com/Chishikikentei/status/1193641946209669120
公式X,例題,443,2019-11-12,第2回,地理・歴史,788年、比叡山に延暦寺を建てた僧は誰か。,最澄,,選択肢：法然／空海／最澄／親鸞。ジャンルは当方の判断,https://x.com/Chishikikentei/status/1194005172055232512
公式X,例題,444,2019-11-13,第2回,政治・経済,ソルベンシー・マージン比率とは何の業種に関係する指標か。,保険会社,,選択肢：保険会社／銀行／航空会社／新聞社。ジャンルは当方の判断,https://x.com/Chishikikentei/status/1194367829480366080
公式X,例題,445,2019-11-14,第2回,自然科学,ボーキサイトは何の金属の原料か。,アルミニウム,,選択肢：チタン／アルミニウム／鉄／ニッケル。ジャンルは当方の判断,https://x.com/Chishikikentei/status/1194729394956144640
公式X,例題,446,2019-11-15,第2回,カルチャー,水前寺公園は何市にある日本庭園か。,熊本市,,選択肢：金沢市／岡山市／金沢市／熊本市。正解は当方の判断（正解発表の投稿を確認できず）。ジャンルは当方の判断。選択肢に「金沢市」が2つある出題ミス。公式が3択扱いと発表,https://x.com/Chishikikentei/status/1195092448516530177
公式X,例題,447,2019-11-18,第2回,芸術,小説『罪と罰』『カラマーゾフの兄弟』で知られるロシアの作家は誰か。,ドストエフスキー,,選択肢：チェーホフ／ゴーゴリ／トルストイ／ドストエフスキー。ジャンルは当方の判断,https://x.com/Chishikikentei/status/1196180660706107392
公式X,例題,448,2019-11-19,第2回,カルチャー,景勝地の耶馬渓があるのはどこの都道府県か。,大分県,,選択肢：北海道／栃木県／高知県／大分県。ジャンルは当方の判断,https://x.com/Chishikikentei/status/1196542512548048896
公式X,例題,449,2019-11-20,第2回,社会,ハラール食とはどんな食べもののことか。,イスラム教徒が食べることができる,,選択肢：国産の食材を使用している／高齢者に配慮している／動物性の食材を使用していない／イスラム教徒が食べることができる。ジャンルは当方の判断,https://x.com/Chishikikentei/status/1196903674787680256
公式X,例題,450,2019-11-21,第2回,スポーツ,ラグビーでチームの司令塔的な役割を果たす、背番号10番のポジションは何か。,スタンドオフ,,選択肢：スタンドオフ／スクラムハーフ／フランカー／フルバック。ジャンルは当方の判断,https://x.com/Chishikikentei/status/1197291501375504385
公式X,例題,451,2019-11-25,第2回,ことば,「紺屋のあさって」の意味として正しいのはどれか。,約束があてにならない,,選択肢：自身に手が回らない／約束があてにならない／将来の見通しが明るい／暇を持て余す。ジャンルは当方の判断,https://x.com/Chishikikentei/status/1198716156640522241
公式X,例題,452,2019-11-28,第2回,スポーツ,2019年のプロ野球で、パ・リーグの最優秀選手賞を受賞した西武の選手は誰か。,森友哉,○,選択肢：中村剛也／山川穂高／秋山翔吾／森友哉。正解は当方の判断（正解発表の投稿を確認できず）。ジャンルは当方の判断,https://x.com/Chishikikentei/status/1199833273959993344
公式X,例題,453,2019-12-02,第2回,ことば,英語の慣用句「Apple Polisher」に相当する、日本語の慣用句は何か。,ゴマをする,,選択肢：ゴマをする／油を売る／頭を抱える／餅は餅屋。ジャンルは当方の判断,https://x.com/Chishikikentei/status/1201280981916778496
公式X,例題,454,2019-12-03,第2回,地理・歴史,足利尊氏が後醍醐天皇の冥福を祈るために建立した京都の寺は何か。,天龍寺,,選択肢：天龍寺／龍安寺／清水寺／鹿苑寺。ジャンルは当方の判断,https://x.com/Chishikikentei/status/1201640407626444801
公式X,例題,455,2019-12-04,第2回,政治・経済,最高裁判所長官を任命するのは誰か。,天皇,,選択肢：天皇／内閣総理大臣／法務大臣／衆議院議長。正解は当方の判断（正解発表の投稿を確認できず）。ジャンルは当方の判断,https://x.com/Chishikikentei/status/1202039892093489152
公式X,例題,456,2019-12-05,第2回,ことば,物語の「さわりの部分」とはストーリーのどの部分のことか。,重要な部分,,選択肢：冒頭の部分／重要な部分／結末の部分／些末な部分。ジャンルは当方の判断,https://x.com/Chishikikentei/status/1202368427358162944
公式X,例題,457,2019-12-06,第2回,自然科学,建築構造の一種・ラーメン構造の「ラーメン」の元々の意味は何か。,枠組,,選択肢：枠組／空間／延長／倒立。ジャンルは当方の判断,https://x.com/Chishikikentei/status/1202729103062814720
公式X,例題,458,2019-12-09,第2回,国際,アジア有数のハブ空港である、チャンギ国際空港があるのはどこか。,シンガポール,,選択肢：シンガポール／バンコク／ソウル／南京。ジャンルは当方の判断,https://x.com/Chishikikentei/status/1203789210450153472
公式X,例題,459,2019-12-10,第2回,自然科学,電気回路に使われるコンデンサの役割は何か。,電荷を蓄える,,選択肢：電荷を蓄える／電流を増幅する／電気抵抗をなくす／電流の方向を変える。ジャンルは当方の判断,https://x.com/Chishikikentei/status/1204152156330188800
公式X,例題,460,2019-12-12,第2回,地理・歴史,『東方見聞録』で知られる探検家マルコ・ポーロは、どこの国の人物か。,イタリア,,選択肢：スペイン／フランス／イタリア／オランダ。ジャンルは当方の判断。再出題：2020-02-25,https://x.com/Chishikikentei/status/1204877483687833600
公式X,例題,461,2019-12-13,第2回,政治・経済,戦前に設置されていた大審院とは、現在の何に相当する機関か。,最高裁判所,,選択肢：参議院／最高裁判所／防衛省／内閣。ジャンルは当方の判断,https://x.com/Chishikikentei/status/1205239357134606336
公式X,例題,462,2019-12-16,第2回,ことば,次のうち、魚に由来することばはどれか。,登竜門,,選択肢：金字塔／未曾有／韋駄天／登竜門。ジャンルは当方の判断,https://x.com/Chishikikentei/status/1206326851271966721
公式X,例題,463,2019-12-17,第2回,国際,南米の国チリの輸出の大部分を占める資源は何か。,銅,,選択肢：天然ガス／石油／銅／リチウム。ジャンルは当方の判断,https://x.com/Chishikikentei/status/1206688647954591744
公式X,例題,464,2019-12-18,第2回,芸術,ゴネリル、リーガン、コーデリアという人物が登場する、シェイクスピアの戯曲は何か。,リア王,,選択肢：ハムレット／リア王／マクベス／オセロ。正解は当方の判断（正解発表の投稿を確認できず）。ジャンルは当方の判断,https://x.com/Chishikikentei/status/1207082814568460288
公式X,例題,465,2019-12-19,第2回,自然科学,再結晶とは物質の何の違いを利用して不純物をのぞくことか。,溶解度,,選択肢：密度／沸点／融点／溶解度。ジャンルは当方の判断,https://x.com/Chishikikentei/status/1207412623865606144
公式X,例題,466,2019-12-20,第2回,芸術,馬頭琴はどこの国の民族楽器か。,モンゴル,,選択肢：モンゴル／タイ／ベトナム／ロシア。ジャンルは当方の判断,https://x.com/Chishikikentei/status/1207777495409254401
公式X,例題,467,2019-12-23,第2回,ことば,休業ホショウ給付の「ホショウ」の正しい漢字はどれか。,補償,,選択肢：保証／保障／補償／補障。ジャンルは当方の判断,https://x.com/Chishikikentei/status/1208903489364975616
公式X,例題,468,2019-12-24,第2回,スポーツ,2020年の東京オリンピックに出場する中村匠吾、前田穂南は何の選手か。,マラソン,○,選択肢：競泳／マラソン／柔道／体操。ジャンルは当方の判断,https://x.com/Chishikikentei/status/1209227003183812608
公式X,例題,469,2019-12-25,第2回,芸術,アルゼンチン、コンチネンタルなどの種類がある音楽ジャンルは何か。,タンゴ,,選択肢：タンゴ／サンバ／ワルツ／マーチ。ジャンルは当方の判断,https://x.com/Chishikikentei/status/1209589383709376512
公式X,例題,470,2019-12-26,第2回,国際,独立問題が騒がれているカタルーニャ州がある国はどこか。,スペイン,,選択肢：イタリア／スペイン／フランス／オランダ。ジャンルは当方の判断,https://x.com/Chishikikentei/status/1209951472621772800
公式X,例題,471,2019-12-27,第2回,生活,トカイワインはどこの国のワインか。,ハンガリー,,選択肢：イタリア／オーストリア／ベルギー／ハンガリー。ジャンルは当方の判断,https://x.com/Chishikikentei/status/1210352629697531904
公式X,例題,472,2019-12-28,第2回,社会,次のうち、廃棄するときに家電リサイクル法の対象とならないのはどれか。,パソコン,,選択肢：テレビ／パソコン／冷蔵庫／洗濯機。ジャンルは当方の判断,https://x.com/Chishikikentei/status/1210725058609463296
公式X,例題,473,2019-12-30,第2回,カルチャー,児童書シリーズ『かいけつゾロリ』の主人公ゾロリは何の動物か。,キツネ,,選択肢：イヌ／ネズミ／ウサギ／キツネ。ジャンルは当方の判断,https://x.com/Chishikikentei/status/1211453525034594304
公式X,例題,474,2020-01-02,第2回,自然科学,LED電球の明るさの単位は何か。,ルーメン,,選択肢：ルクス／ルーメン／カンデラ／ワット。ジャンルは当方の判断。再出題：2021-07-15,https://x.com/Chishikikentei/status/1212553149140963330
公式X,例題,475,2020-01-03,第2回,芸術,名探偵・金田一耕助を生んだ推理作家は誰か。,横溝正史,,選択肢：横溝正史／江戸川乱歩／松本清張／内田康夫。ジャンルは当方の判断,https://x.com/Chishikikentei/status/1212904029908418560
公式X,例題,476,2020-01-07,第2回,ことば,年齢を表す英語で「ティーンエイジャー」とよばれるのは何年間か。,7年間,,選択肢：5年間／7年間／10年間／12年間。ジャンルは当方の判断,https://x.com/Chishikikentei/status/1214311518591844352
公式X,例題,477,2020-01-08,第2回,政治・経済,セーの法則「○○はそれ自身の□□をつくりだす」。○○と□□に当てはまるのは何か。,○○=供給、□□=需要,,選択肢：○○=必要、□□=発明／○○=雇用、□□=労働／○○=供給、□□=需要／○○=破壊、□□=創造。ジャンルは当方の判断,https://x.com/Chishikikentei/status/1214696670635548672
公式X,例題,478,2020-01-09,第2回,芸術,チェコの作曲家・スメタナの曲『モルダウ』とは何の名前か。,川,,選択肢：山／川／街／人。ジャンルは当方の判断,https://x.com/Chishikikentei/status/1215115537589526528
公式X,例題,479,2020-01-10,第2回,生活,ブラウザ上の「Cookie」を削除した場合に起こることとして正しいのは次のどれか。,会員制サイトからのログアウト,,選択肢：閲覧履歴のクリア／会員制サイトからのログアウト／ページ表示速度の低下／バナー広告の非表示。ジャンルは当方の判断,https://x.com/Chishikikentei/status/1215518029368311808
公式X,例題,480,2020-01-11,第2回,地理・歴史,比叡山に延暦寺を建てた僧は誰か。,最澄,,選択肢：最澄／空海／栄西／道元。正解は当方の判断（正解発表の投稿を確認できず）。ジャンルは当方の判断,https://x.com/Chishikikentei/status/1215862242945597440
公式X,例題,481,2020-01-13,第2回,社会,次のうち、公的年金に含まれないのはどれか。,確定拠出年金,,選択肢：確定拠出年金／国民年金／厚生年金／共済年金。ジャンルは当方の判断,https://x.com/Chishikikentei/status/1216517814720192512
公式X,例題,482,2020-01-14,第2回,芸術,作者自身がモデルとされる太田豊太郎を主人公とする、森鴎外の小説は何か。,舞姫,,選択肢：舞姫／阿部一族／高瀬舟／山椒太夫。正解は当方の判断（正解発表の投稿を確認できず）。ジャンルは当方の判断。問題文の「大田」は公式が「太田」に訂正,https://x.com/Chishikikentei/status/1216860876646404096
公式X,例題,483,2020-01-15,第2回,ことば,次のうち、連体詞が含まれている言葉はどれか。,わが国日本,,選択肢：わが国日本／ちょっと良いですか／たやすく解決した／すぐに出ます。正解は当方の判断（正解発表の投稿を確認できず）。ジャンルは当方の判断,https://x.com/Chishikikentei/status/1217241231333322752
公式X,例題,484,2020-01-16,第2回,国際,海外に進出している日本企業の数が中国、アメリカに次ぎ3番目に多い国はどこか。,インド,○,選択肢：インド／インドネシア／タイ／ベトナム。ジャンルは当方の判断,https://x.com/Chishikikentei/status/1217562241647513600
公式X,例題,485,2020-01-17,第2回,生活,レストランなどで表示されている「BYO」とは何を意味することばか。,ワインの持ち込み可,,選択肢：ワインの持ち込み可／テーブルチャージをとらない／ハラールメニューがある／ドレスコードがある。正解は当方の判断（正解発表の投稿を確認できず）。ジャンルは当方の判断,https://x.com/Chishikikentei/status/1217923236450594816
公式X,例題,486,2020-01-20,第2回,芸術,次の中国の詩人のうち、唐代の人物でないのは誰か。,陶淵明,,選択肢：陶淵明／李白／白居易／孟浩然。ジャンルは当方の判断,https://x.com/Chishikikentei/status/1219032361381199872
公式X,例題,487,2020-01-21,第2回,芸術,次の小説のうち、作者が異なるのはどれか。,古都,,選択肢：金閣寺／古都／仮面の告白／潮騒。ジャンルは当方の判断,https://x.com/Chishikikentei/status/1219384303764721664
公式X,例題,488,2020-01-22,第2回,国際,国連事務総長グテレスは、どこの国の人物か。,ポルトガル,○,選択肢：ペルー／ガーナ／オーストリア／ポルトガル。ジャンルは当方の判断,https://x.com/Chishikikentei/status/1219749762972282880
公式X,例題,489,2020-01-23,第2回,自然科学,月の重力は地球の重力のおよそ何分の1か。,6分の1,,選択肢：4分の1／6分の1／8分の1／10分の1。ジャンルは当方の判断,https://x.com/Chishikikentei/status/1220140638542295040
公式X,例題,490,2020-01-24,第2回,スポーツ,テレマーク姿勢とは、ウィンタースポーツの何の姿勢のことか。,スキージャンプの着地,,選択肢：フィギュアスケートのフィニッシュ／スキージャンプの着地／モーグルのエア／スノーボードのターン。ジャンルは当方の判断,https://x.com/Chishikikentei/status/1220474174122016768
公式X,例題,491,2020-01-25,第2回,政治・経済,中国のDJIが、世界市場のシェアの約7割を占めているものは次のどれか。,ドローン,○,選択肢：ドローン／タブレット端末／電動車いす／スマートスピーカー。ジャンルは当方の判断,https://x.com/Chishikikentei/status/1220878056895594498
公式X,例題,492,2020-01-27,第2回,政治・経済,金融庁は、どこの外局か。,内閣府,,選択肢：財務省／内閣府／総務省／経済産業省。ジャンルは当方の判断,https://x.com/Chishikikentei/status/1221552781359665152
公式X,例題,493,2020-01-28,第2回,芸術,エルミタージュ美術館があるロシアの都市はどこか。,サンクトペテルブルク,,選択肢：モスクワ／サンクトペテルブルク／ウラジオストク／エカテリンブルク。ジャンルは当方の判断,https://x.com/Chishikikentei/status/1221927945737928707
公式X,例題,494,2020-01-29,第2回,政治・経済,火星移住計画を進める宇宙開発企業・スペースX社を経営するアメリカの実業家は誰か。,イーロン・マスク,○,選択肢：イーロン・マスク／ティム・クック／ジェフ・ベゾス／マーク・ザッカーバーグ。ジャンルは当方の判断,https://x.com/Chishikikentei/status/1222273812001017858
公式X,例題,495,2020-01-30,第2回,スポーツ,植草歩、清水希容は何の競技の選手か。,空手,○,選択肢：空手／サーフィン／スポーツクライミング／スケートボード。ジャンルは当方の判断,https://x.com/Chishikikentei/status/1222650700598935552
公式X,例題,496,2020-01-31,第2回,芸術,「ゆく河の流れは絶えずして　しかももとの水にあらず」ではじまる随筆は何か。,方丈記,,選択肢：枕草子／方丈記／徒然草／折たく柴の記。正解は再出題時の正解発表による。ジャンルは当方の判断。再出題：2020-09-02,https://x.com/Chishikikentei/status/1222997851011108866
公式X,例題,497,2020-02-03,第2回,政治・経済,現在国会に議席を持つ政党のうち、党名が○○民主党であるのはいくつか。,4つ,○,選択肢：2つ／3つ／4つ／5つ。ジャンルは当方の判断,https://x.com/Chishikikentei/status/1224084137885097985
公式X,例題,498,2020-02-04,第2回,カルチャー,景勝地の寝覚ノ床があるのは、何川の上流か。,木曽川,,選択肢：木曽川／長良川／揖斐川／天竜川。正解は当方の判断（正解発表の投稿を確認できず）。ジャンルは当方の判断,https://x.com/Chishikikentei/status/1224456757621055489
公式X,例題,499,2020-02-05,第2回,社会,次のうち、プリツカー賞を受賞している日本人は誰か。,安藤忠雄,,選択肢：山中伸弥／村上春樹／安藤忠雄／宮崎駿。ジャンルは当方の判断,https://x.com/Chishikikentei/status/1224811732968673280
公式X,例題,500,2020-02-06,第2回,生活,漁師という意味がある、魚貝類を用いたトマトソースのパスタは何か。,ペスカトーレ,,選択肢：ペスカトーレ／アマトリチャーナ／アラビアータ／ブッタネスカ。ジャンルは当方の判断,https://x.com/Chishikikentei/status/1225183531447406592
公式X,例題,501,2020-02-07,第2回,ことば,「うがった見方」とはどのような見方のことか。,本質を捉えた見方,,選択肢：本質を捉えた見方／疑ってかかる見方／誤った見方／上辺のみを捉えた見方。ジャンルは当方の判断。再出題：2020-12-03,https://x.com/Chishikikentei/status/1225551458218782721
公式X,例題,502,2020-02-10,第2回,生活,中国四大料理で、東坡肉や小籠包は何料理か。,上海料理,,選択肢：北京料理／上海料理／広東料理／四川料理。ジャンルは当方の判断,https://x.com/Chishikikentei/status/1226637859429371904
公式X,例題,503,2020-02-12,第2回,芸術,ミュージカル『ノートルダムの鐘』の原作小説の作者は誰か。,ユーゴー,,選択肢：バルザック／ユーゴー／スタンダール／ペロー。ジャンルは当方の判断,https://x.com/Chishikikentei/status/1227359123567599616
公式X,例題,504,2020-02-13,第2回,地理・歴史,南半球でもっとも高い山アコンカグアがある大陸はどこか。,南アメリカ大陸,,選択肢：南アメリカ大陸／アフリカ大陸／オーストラリア大陸／南極大陸。ジャンルは当方の判断,https://x.com/Chishikikentei/status/1227720428958801920
公式X,例題,505,2020-02-14,第2回,政治・経済,次のうち、累進課税が採用されているのはどれか。,相続税,,選択肢：自動車税／住民税／相続税／消費税。ジャンルは当方の判断,https://x.com/Chishikikentei/status/1228069864310394880
公式X,例題,506,2020-02-17,第2回,自然科学,「サーチュイン遺伝子」の別名は何か。,長寿遺伝子,,選択肢：長寿遺伝子／自立遺伝子／健康遺伝子／学習遺伝子。正解は当方の判断（正解発表の投稿を確認できず）。ジャンルは当方の判断,https://x.com/Chishikikentei/status/1229160466666029056
公式X,例題,507,2020-02-18,第2回,芸術,パブロ・ピカソは何派の画家か。,立体派,,選択肢：立体派／野獣派／バルビゾン派／ナビ派。ジャンルは当方の判断,https://x.com/Chishikikentei/status/1229521345270013953
公式X,例題,508,2020-02-19,第2回,政治・経済,衆議院議員選挙のシステムとして、次のうち間違っているのはどれか。,比例代表は非拘束名簿式である,,選択肢：比例代表で復活当選制度がある／選挙区は小選挙区制である／比例代表は全国を11ブロックに分けている／比例代表は非拘束名簿式である。ジャンルは当方の判断,https://x.com/Chishikikentei/status/1229883673974980609
公式X,例題,509,2020-02-20,第2回,スポーツ,2019年の大相撲で年間最多勝だった力士は誰か。,朝乃山,○,選択肢：白鵬／貴景勝／御嶽海／朝乃山。ジャンルは当方の判断,https://x.com/Chishikikentei/status/1230245750644170752
公式X,例題,510,2020-02-26,第3回,政治・経済,アメリカで鉄鋼王と呼ばれた実業家は誰か。,カーネギー,,選択肢：ロックフェラー／カーネギー／ヒューズ／フォード。ジャンルは当方の判断,https://x.com/Chishikikentei/status/1232418064660148226
公式X,例題,511,2020-02-27,第3回,生活,焼き鳥のハツは、ニワトリのどの部位の肉か。,心臓,,選択肢：心臓／肝臓／小腸／砂袋。ジャンルは当方の判断,https://x.com/Chishikikentei/status/1232781771944497153
公式X,例題,512,2020-02-28,第3回,スポーツ,Jリーグで、3つのクラブがホームをおく都市はどこか。,横浜市,,選択肢：さいたま市／横浜市／名古屋市／大阪市。ジャンルは当方の判断,https://x.com/Chishikikentei/status/1233144959215136768
公式X,例題,513,2020-03-01,第3回,地理・歴史,1946年、冷戦を告げる「鉄のカーテン」演説を行った政治家は誰か。,チャーチル,,選択肢：チャーチル／トルーマン／スターリン／毛沢東。正解は当方の判断（正解発表の投稿を確認できず）。ジャンルは当方の判断,https://x.com/Chishikikentei/status/1233911987190370306
公式X,例題,514,2020-03-02,第3回,自然科学,「肥料の三要素」といわれるのは、窒素、リンと何か。,カリウム,,選択肢：ナトリウム／マグネシウム／カリウム／カルシウム。ジャンルは当方の判断,https://x.com/Chishikikentei/status/1234232234405584896
公式X,例題,515,2020-03-03,第3回,芸術,ドジョウすくいで知られる『安来節』は何県の民謡か。,島根県,,選択肢：鳥取県／島根県／岡山県／山口県。ジャンルは当方の判断,https://x.com/Chishikikentei/status/1234615721218338816
公式X,例題,516,2020-03-04,第3回,自然科学,次のビタミンのうち、水に溶ける性質があるのはどれか。,ビタミンC,,選択肢：ビタミンA／ビタミンC／ビタミンD／ビタミンE。ジャンルは当方の判断,https://x.com/Chishikikentei/status/1234990078058889217
公式X,例題,517,2020-03-05,第3回,芸術,平安時代の六歌仙で唯一の女性は誰か。,小野小町,,選択肢：和泉式部／清少納言／紫式部／小野小町。ジャンルは当方の判断,https://x.com/Chishikikentei/status/1235350328511311872
公式X,例題,518,2020-03-06,第3回,地理・歴史,流域に「パンパ」と呼ばれる草原地帯が広がる南米の川はどこか。,ラプラタ川,,選択肢：アマゾン川／オリノコ川／ラプラタ川／イグアス川。正解は当方の判断（正解発表の投稿を確認できず）。ジャンルは当方の判断。選択肢の誤字（イグアス側）は公式が訂正,https://x.com/Chishikikentei/status/1235705510591991808
公式X,例題,519,2020-03-10,第3回,カルチャー,ポーカーの次の役のうち、もっとも強いのはどれか？,フォーカード,,選択肢：フルハウス／ストレート／フォーカード／フラッシュ。ジャンルは当方の判断,https://x.com/Chishikikentei/status/1237160639740514304
公式X,例題,520,2020-03-12,第3回,生活,安倍川餅とは、お餅に何をまぶした食べ物か。,きな粉,,選択肢：大根おろし／あんこ／きな粉／納豆。ジャンルは当方の判断,https://x.com/Chishikikentei/status/1237853914256404484
公式X,例題,521,2020-03-13,第3回,国際,アメリカで、永住権の資格があることを示すカードを表紙の色から通称何というか。,グリーンカード,,選択肢：イエローカード／ホワイトカード／シルバーカード／グリーンカード。ジャンルは当方の判断,https://x.com/Chishikikentei/status/1238314118118965248
公式X,例題,522,2020-03-16,第3回,生活,ブラックフライデーがあるのは何月か。,11月,,選択肢：5月／7月／9月／11月。ジャンルは当方の判断,https://x.com/Chishikikentei/status/1239323775029542913
公式X,例題,523,2020-03-17,第3回,政治・経済,当座預金の説明について、次のうち間違っているのはどれか。,個人は開設できない,,選択肢：個人は開設できない／小切手が発行できる／利息はつかない／通帳は発行されない。ジャンルは当方の判断,https://x.com/Chishikikentei/status/1239689808135327744
公式X,例題,524,2020-03-18,第3回,ことば,「ぞっとしない」の意味は次のどれか。,面白くない,,選択肢：恐くない／楽しくない／面白くない／うるさくない。正解は当方の判断（正解発表の投稿を確認できず）。ジャンルは当方の判断,https://x.com/Chishikikentei/status/1240037789527207936
公式X,例題,525,2020-03-19,第3回,ことば,英語の慣用句“a piece of cake”の意味合いにもっとも近いのは、次のどれか。,朝飯前,,選択肢：食うや食わず／雀の涙／朝飯前／腐っても鯛。ジャンルは当方の判断,https://x.com/Chishikikentei/status/1240423447794049025
公式X,例題,526,2020-03-23,第3回,カルチャー,湖畔に建つ、高村光太郎作の『乙女の像』で知られる東北の湖はどこか。,十和田湖,,選択肢：十和田湖／田沢湖／十三湖／猪苗代湖。ジャンルは当方の判断,https://x.com/Chishikikentei/status/1241840055976480768
公式X,例題,527,2020-03-24,第3回,生活,次のうち、食品表示法によって表示が義務づけられている魚貝類はどれか。,えび,,選択肢：たこ／かき／うに／えび。正解は当方の判断（正解発表の投稿を確認できず）。ジャンルは当方の判断,https://x.com/Chishikikentei/status/1242205481789042688
公式X,例題,528,2020-03-26,第3回,芸術,次のうち、ウフィツィ美術館に作品が多く所蔵されている画家は誰か。,ボッティチェリ,,選択肢：ルーベンス／ベラスケス／レンブラント／ボッティチェリ。ジャンルは当方の判断,https://x.com/Chishikikentei/status/1242951316520894464
公式X,例題,529,2020-03-27,第3回,カルチャー,観光地のフィッシャーマンズワーフがあるアメリカの都市はどこか。,サンフランシスコ,,選択肢：サンフランシスコ／ロサンゼルス／シアトル／ボストン。ジャンルは当方の判断,https://x.com/Chishikikentei/status/1243339650451656705
公式X,例題,530,2020-03-30,第3回,生活,水菓子とは何のことか。,果物,,選択肢：氷／果物／ところてん／羊かん。ジャンルは当方の判断,https://x.com/Chishikikentei/status/1244453492455927814
公式X,例題,531,2020-03-31,第3回,自然科学,木星の特に大きな4個の衛星を発見した天文学者は誰か。,ガリレオ,,選択肢：ガリレオ／ケプラー／ハレー／ニュートン。ジャンルは当方の判断,https://x.com/Chishikikentei/status/1244772112520187905
公式X,例題,532,2020-04-01,第3回,国際,豊富な文化記事と解説的論評が特色のフィガロは、どこの国の新聞か。,フランス,,選択肢：イギリス／イタリア／フランス／ドイツ。ジャンルは当方の判断,https://x.com/Chishikikentei/status/1245149872103100416
公式X,例題,533,2020-04-02,第3回,スポーツ,次のうち、バスケットボールのBリーグのチームでないのはどれか。,名古屋オーシャンズ,,選択肢：川崎ブレイブサンダース／名古屋オーシャンズ／大阪エヴェッサ／琉球ゴールデンキングス。正解は当方の判断（正解発表の投稿を確認できず）。ジャンルは当方の判断,https://x.com/Chishikikentei/status/1245486253572681729
公式X,例題,534,2020-04-03,第3回,ことば,時期外れで役に立たないことを指すことわざ「六日の菖蒲 十日の“何”」というか。,菊,,選択肢：桜／菊／梅／松。ジャンルは当方の判断。再出題：2020-04-27,https://x.com/Chishikikentei/status/1245854854498512896
公式X,例題,535,2020-04-06,第3回,自然科学,葉の見た目がニラに似ており、誤って食べると中毒症状を起こす植物は何か。,スイセン,,選択肢：ドクダミ／スイセン／ニガヨモギ／ノビル。ジャンルは当方の判断,https://x.com/Chishikikentei/status/1246950780461961218
公式X,例題,536,2020-04-07,第3回,地理・歴史,チェンライ、チェンマイという都市があるアジアの国はどこか。,タイ,,選択肢：タイ／マレーシア／フィリピン／インド。ジャンルは当方の判断,https://x.com/Chishikikentei/status/1247301762362433536
公式X,例題,537,2020-04-08,第3回,芸術,「ワルツ王」の異名をとる、『美しく青きドナウ』などで知られる作曲家は誰か。,ヨハン・シュトラウス2世,,選択肢：ヨハン・シュトラウス2世／シューベルト／ワルトトイフェル／ブルックナー。ジャンルは当方の判断,https://x.com/Chishikikentei/status/1247668052570697730
公式X,例題,538,2020-04-09,第3回,政治・経済,次のうち、選挙の比例代表制について間違っているのはどれか。,新しい政党が誕生しづらい,,選択肢：死票が減る／衆議院・参議院両方で実施されている／少数意見が反映されやすい／新しい政党が誕生しづらい。ジャンルは当方の判断,https://x.com/Chishikikentei/status/1248004812328693760
公式X,例題,539,2020-04-10,第3回,カルチャー,徳島市で行われる「マチ★アソビ」とは何に関するイベントか。,アニメ,,選択肢：サッカー／ダンス／アニメ／スイーツ。正解は当方の判断（正解発表の投稿を確認できず）。ジャンルは当方の判断。問題文の「島市」は公式が「徳島市」に訂正,https://x.com/Chishikikentei/status/1248393803033006082
公式X,例題,540,2020-04-13,第3回,国際,世界で初めて国政選挙の女性参政権を認めた国はどこか。,ニュージーランド,,選択肢：ニュージーランド／オランダ／イギリス／メキシコ。ジャンルは当方の判断,https://x.com/Chishikikentei/status/1249471947202691072
公式X,例題,541,2020-04-14,第3回,芸術,エル・グレコの『受胎告知』が収蔵されている美術館は何か。,大原美術館,,選択肢：大原美術館／足立美術館／根津美術館／五島美術館。正解は当方の判断（正解発表の投稿を確認できず）。ジャンルは当方の判断,https://x.com/Chishikikentei/status/1249846860656726016
公式X,例題,542,2020-04-15,第3回,地理・歴史,ソロバンを図案化した地図記号で表される施設は何か。,税務署,,選択肢：銀行／税務署／郵便局／鉄道駅。ジャンルは当方の判断,https://x.com/Chishikikentei/status/1250210419022520320
公式X,例題,543,2020-04-16,第3回,自然科学,毛細血管を丈夫にする効果があるといわれる、ソバに多く含まれるフラボノイドは何か。,ルチン,,選択肢：イソフラボン／カテキン／ムチン／ルチン。ジャンルは当方の判断,https://x.com/Chishikikentei/status/1250567221409021952
公式X,例題,544,2020-04-21,第3回,芸術,命日を河童忌という、小説『河童』を著した作家は誰か。,芥川龍之介,,選択肢：芥川龍之介／太宰治／島崎藤村／森鷗外。ジャンルは当方の判断,https://x.com/Chishikikentei/status/1252376907431071744
公式X,例題,545,2020-04-22,第3回,生活,主に焼肉で食べられるハラミとは牛のどの部分の肉か。,横隔膜,,選択肢：肺／横隔膜／腎臓／膵臓。ジャンルは当方の判断,https://x.com/Chishikikentei/status/1252739591087386624
公式X,例題,546,2020-04-23,第3回,地理・歴史,柑橘類のスダチは、どこの都道府県の特産品か。,徳島県,,選択肢：香川県／愛媛県／徳島県／高知県。ジャンルは当方の判断,https://x.com/Chishikikentei/status/1253099481815384064
公式X,例題,547,2020-04-24,第3回,生活,祝日法で「自然をたたえ、生物をいつくしむ」と定められている祝日は何か。,春分の日,,選択肢：春分の日／みどりの日／山の日／秋分の日。ジャンルは当方の判断,https://x.com/Chishikikentei/status/1253462740582060033
公式X,例題,548,2020-04-25,第3回,カルチャー,寝覚の床という景勝地がある川はどこか。,木曽川,,選択肢：荒川／木曽川／吉野川／大淀川。ジャンルは当方の判断,https://x.com/Chishikikentei/status/1253940020089511937
公式X,例題,549,2020-04-28,第3回,地理・歴史,日米安保条約自動延長、沖縄返還実現などを行った元首相は誰か。,佐藤栄作,,選択肢：田中角栄／池田勇人／福田赳夫／佐藤栄作。ジャンルは当方の判断,https://x.com/Chishikikentei/status/1254912133386530817
公式X,例題,550,2020-04-30,第3回,ことば,次のうち、係り結びが使われている文章はどれか。,秋ぞかなしき,,選択肢：さもありなん／秋ぞかなしき／いとをかし／男ありけり。ジャンルは当方の判断,https://x.com/Chishikikentei/status/1255644173325045760
公式X,例題,551,2020-05-01,第3回,カルチャー,映画『楢山節考』と『うなぎ』でパルム・ドールを2度受賞した、日本の映画監督は誰か。,今村昌平,,選択肢：北野武／岩井俊二／黒澤明／今村昌平。ジャンルは当方の判断,https://x.com/Chishikikentei/status/1256009412726026240
公式X,例題,552,2020-05-07,第3回,生活,料理の八幡巻の主な食材に用いられる野菜は何か。,ゴボウ,,選択肢：ネギ／ダイコン／カブ／ゴボウ。ジャンルは当方の判断,https://x.com/Chishikikentei/status/1258176551415250945
公式X,例題,553,2020-05-08,第3回,生活,ご祝儀の水引で、結び切りを用いるのは次のどれか。,快気祝,,選択肢：快気祝／出産祝／入学祝／還暦祝。ジャンルは当方の判断,https://x.com/Chishikikentei/status/1258542681086496768
公式X,例題,554,2020-05-11,第3回,自然科学,再結晶とは物質の何の違いを利用して不純物を除く方法か。,溶解度,,選択肢：密度／沸点／融点／溶解度。ジャンルは当方の判断,https://x.com/Chishikikentei/status/1259634232017612800
公式X,例題,555,2020-05-12,第3回,芸術,フォルクローレは、どこの地域の音楽か。,南アメリカ,,選択肢：南アジア／北アフリカ／南アメリカ／西ヨーロッパ。ジャンルは当方の判断,https://x.com/Chishikikentei/status/1259992884876435456
公式X,例題,556,2020-05-13,第3回,地理・歴史,天然記念物のマリモで知られる北海道の湖はどこか。,阿寒湖,,選択肢：阿寒湖／摩周湖／支笏湖／屈斜路湖。ジャンルは当方の判断,https://x.com/Chishikikentei/status/1260362973173837825
公式X,例題,557,2020-05-14,第3回,生活,リッパーは主に何に用いる道具か。,裁縫,,選択肢：裁縫／掃除／洗濯／炊事。ジャンルは当方の判断,https://x.com/Chishikikentei/status/1260710869916241920
公式X,例題,558,2020-05-15,第3回,社会,企業のCTOとは最高“何”責任者のことか。,技術,,選択肢：執行／戦略／技術／情報。ジャンルは当方の判断,https://x.com/Chishikikentei/status/1261086023733309440
公式X,例題,559,2020-05-18,第3回,地理・歴史,「メセタ」という乾燥高原地帯があるヨーロッパの半島はどこか。,イベリア半島,,選択肢：バルカン半島／スカンジナビア半島／イタリア半島／イベリア半島。正解は当方の判断（正解発表の投稿を確認できず）。ジャンルは当方の判断。問題文の「感想」は公式が「乾燥」に訂正,https://x.com/Chishikikentei/status/1262152070355800066
公式X,例題,560,2020-05-19,第3回,芸術,『荒城の月』『箱根八里』などの曲を手掛けた作曲家は誰か。,滝廉太郎,,選択肢：山田耕筰／滝廉太郎／中山晋平／団伊玖磨。ジャンルは当方の判断,https://x.com/Chishikikentei/status/1262527488745340928
公式X,例題,561,2020-05-20,第3回,芸術,命日を「桜桃忌」という作家は誰か。,太宰治,,選択肢：芥川龍之介／与謝野晶子／太宰治／島崎藤村。ジャンルは当方の判断,https://x.com/Chishikikentei/status/1262877797942321152
公式X,例題,562,2020-05-21,第3回,生活,街中や店舗の張り紙で「No Vaping」とは、何を禁止したものか。,電子タバコ,,選択肢：位置ゲー／通話／セルフィー／電子タバコ。ジャンルは当方の判断,https://x.com/Chishikikentei/status/1263236101893840896
公式X,例題,563,2020-05-22,第3回,国際,ボリビアのウユニ塩湖で、国家レベルの工業化が進んでいる鉱物資源は何か。,リチウム,○,選択肢：バナジウム／ニッケル／マンガン／リチウム。ジャンルは当方の判断,https://x.com/Chishikikentei/status/1263616360027848704
公式X,例題,564,2020-05-25,第3回,国際,バチカン市国、コソボ、クック諸島、これらの国に共通することは次のどれか。,国連に未加盟,,選択肢：国連に未加盟／国全体が世界遺産／日本と国交がない／憲法で戦争を禁止している。ジャンルは当方の判断,https://x.com/Chishikikentei/status/1264704872978411525
公式X,例題,565,2020-05-26,第3回,ことば,「泣いて馬謖を斬る」の意味は何か。,親しいものでも厳しく罰する,,選択肢：目的を果たすには手段を選ばない／余計なことをしてすべてを台無しにする／親しいものでも厳しく罰する／自身の感情を抑えることができない。ジャンルは当方の判断,https://x.com/Chishikikentei/status/1265070711376207872
公式X,例題,566,2020-05-27,第3回,地理・歴史,第二次世界大戦のきっかけとなったのは、ドイツのどこの国への侵攻か。,ポーランド,,選択肢：オーストリア／ベルギー／スイス／ポーランド。ジャンルは当方の判断,https://x.com/Chishikikentei/status/1265411134783229953
公式X,例題,567,2020-05-28,第3回,スポーツ,次のうち、1チームの人数がもっとも多い競技はどれか。,アイスホッケー,,選択肢：フットサル／アイスホッケー／ゲートボール／カーリング。ジャンルは当方の判断,https://x.com/Chishikikentei/status/1265787183132143618
公式X,例題,568,2020-05-29,第3回,国際,2020年の締結を目指すRCEPとは、どこの地域の包括的経済連携協定か。,東アジア,○,選択肢：東アジア／西ヨーロッパ／南アメリカ／北アフリカ。ジャンルは当方の判断,https://x.com/Chishikikentei/status/1266151872580038656
公式X,例題,569,2020-06-01,第3回,自然科学,宇宙空間にもっとも多く存在する元素は何か。,水素,,選択肢：水素／ヘリウム／窒素／酸素。ジャンルは当方の判断,https://x.com/Chishikikentei/status/1267229586812628992
公式X,例題,570,2020-06-02,第3回,国際,「欧州のトランプ」とも称されるバビシュが首相を務める国はどこか。,チェコ,○,選択肢：ブルガリア／ギリシャ／チェコ／ルーマニア。ジャンルは当方の判断,https://x.com/Chishikikentei/status/1267601966764404737
公式X,例題,571,2020-06-03,第3回,国際,2018年以降、ジレジョーヌ運動という反政府運動が起こっていた国はどこか。,フランス,○,選択肢：スペイン／イタリア／フランス／オランダ。ジャンルは当方の判断,https://x.com/Chishikikentei/status/1267947743818833921
公式X,例題,572,2020-06-04,第3回,生活,担々麺や回鍋肉は中国四大料理のうち、どこの料理か。,四川料理,,選択肢：北京料理／上海料理／広東料理／四川料理。ジャンルは当方の判断,https://x.com/Chishikikentei/status/1268323682859925504
公式X,例題,573,2020-06-05,第3回,地理・歴史,軍記物語の『太平記』の題材となっている時代はいつか。,南北朝時代,,選択肢：平安時代／南北朝時代／戦国時代／江戸時代。ジャンルは当方の判断,https://x.com/Chishikikentei/status/1268680391973453824
公式X,例題,574,2020-06-08,第3回,自然科学,ドルトンの法則とは何に関する法則か。,圧力,,選択肢：水溶液／熱量／加速度／圧力。ジャンルは当方の判断,https://x.com/Chishikikentei/status/1269776442092478464
公式X,例題,575,2020-06-09,第3回,地理・歴史,次の湖のうち、汽水湖はどれか。,浜名湖,,選択肢：洞爺湖／猪苗代湖／浜名湖／琵琶湖。ジャンルは当方の判断,https://x.com/Chishikikentei/status/1270164294479429632
公式X,例題,576,2020-06-10,第3回,地理・歴史,「我思う、故に我あり」の命題に到達した哲学者は誰か。,デカルト,,選択肢：デカルト／カント／パスカル／ヘーゲル。ジャンルは当方の判断,https://x.com/Chishikikentei/status/1270492797703827456
公式X,例題,577,2020-06-11,第3回,社会,災害時にいわれる「72時間の壁」について、次のうち適切なものはどれか。,行方不明の人命が助かる目安,,選択肢：ライフラインが復旧する目安／救援物資が届く目安／災害が収まる目安／行方不明の人命が助かる目安。ジャンルは当方の判断,https://x.com/Chishikikentei/status/1270849890659135489
公式X,例題,578,2020-06-12,第3回,生活,家具量販店の「IKEA」やファッションブランドの「H＆M」の発祥国はどこか。,スウェーデン,,選択肢：スウェーデン／デンマーク／ルクセンブルク／イタリア。ジャンルは当方の判断,https://x.com/Chishikikentei/status/1271237903096504320
公式X,例題,579,2020-06-15,第3回,スポーツ,トレーニングで用いる「トレッドミル」とは何を行うマシンか。,ランニング,,選択肢：腕立て伏せ／ランニング／腹筋／ヨガ。ジャンルは当方の判断,https://x.com/Chishikikentei/status/1272312351010615296
公式X,例題,580,2020-06-16,第3回,ことば,「かまびすしい」の意味は次のうちどれか。,やかましい,,選択肢：やかましい／おとなしい／つまらない／しらじらしい。ジャンルは当方の判断,https://x.com/Chishikikentei/status/1272683352412221440
公式X,例題,581,2020-06-17,第3回,社会,次のうち、「リサージェンス」という問題ともっともかかわりが深いのはどれか。,農業,,選択肢：通信業／運輸業／重工業／農業。ジャンルは当方の判断,https://x.com/Chishikikentei/status/1273036010503340032
公式X,例題,582,2020-06-18,第3回,ことば,次のうち、送りがなに「ぐ」をつけると「そよぐ」と読む漢字はどれか。,戦,,選択肢：戦／洗／殺／惚。ジャンルは当方の判断,https://x.com/Chishikikentei/status/1273383082612019200
公式X,例題,583,2020-06-22,第3回,社会,ノーベル賞6つの部門のうち、ノーベルの遺志に基づかないのはどれか。,経済学賞,,選択肢：文学賞／平和賞／化学賞／経済学賞。ジャンルは当方の判断,https://x.com/Chishikikentei/status/1274849615427170306
公式X,例題,584,2020-06-23,第3回,政治・経済,「ラッファー曲線」とは、何と何の相関関係を示したものか。,税率と税収,,選択肢：親の年収と子の学力／景気と失業率／税率と税収／物価指数と労働者の賃金。正解は再出題時の正解発表による。ジャンルは当方の判断。再出題：2021-01-14,https://x.com/Chishikikentei/status/1275216388269813760
公式X,例題,585,2020-06-24,第3回,カルチャー,映画『楢山節考』と『うなぎ』でカンヌ国際映画祭のパルム・ドールを2度受賞した、日本の映画監督は誰か。,今村昌平,,選択肢：今村昌平／黒澤明／岩井俊二／北野武。ジャンルは当方の判断,https://x.com/Chishikikentei/status/1275562152850386944
公式X,例題,586,2020-06-26,第3回,ことば,げん担ぎの「げん」を漢字で書くと何か。,験,,選択肢：験／源／弦／眼。ジャンルは当方の判断,https://x.com/Chishikikentei/status/1276306635774779392
公式X,例題,587,2020-06-29,第3回,地理・歴史,モアイ像で知られるイースター島は、どこの国の領土か。,チリ,,選択肢：エクアドル／アルゼンチン／ペルー／チリ。ジャンルは当方の判断,https://x.com/Chishikikentei/status/1277385613868535808
公式X,例題,588,2020-06-30,第3回,生活,キムチの一種・ペチュキムチに使われる野菜は何か。,ハクサイ,,選択肢：ダイコン／ハクサイ／キュウリ／ニンジン。ジャンルは当方の判断,https://x.com/Chishikikentei/status/1277730944846196736
公式X,例題,589,2020-07-01,第3回,生活,長寿のお祝いで古稀は何歳か。,70歳,,選択肢：60歳／70歳／80歳／90歳。正解は当方の判断（正解発表の投稿を確認できず）。ジャンルは当方の判断,https://x.com/Chishikikentei/status/1278110275061727232
公式X,例題,590,2020-07-02,第3回,自然科学,次のがんのうち、すべてのステージにおいて5年生存率がもっとも低いのはどれか。,すい臓がん,,選択肢：食道がん／胃がん／肺がん／すい臓がん。ジャンルは当方の判断,https://x.com/Chishikikentei/status/1278458573891067905
公式X,例題,591,2020-07-03,第3回,カルチャー,モデル・女優の本田翼が、自身のYouTubeチャンネル「ほんだのばいく」で主に行っていることは何か。,ゲーム実況,○,選択肢：ゲーム実況／謎解きの出題／スイーツ紹介／ファッションチェック。ジャンルは当方の判断,https://x.com/Chishikikentei/status/1278842274802102272
公式X,例題,592,2020-07-06,第3回,生活,仏教の六曜で朝と夜は吉、昼は凶とされるのは何か。,赤口,,選択肢：仏滅／赤口／大安／友引。正解は当方の判断（正解発表の投稿を確認できず）。ジャンルは当方の判断,https://x.com/Chishikikentei/status/1279923447640944640
公式X,例題,593,2020-07-07,第3回,地理・歴史,日本にキリスト教を伝えたフランシスコ・ザビエルは、どこの国の人物か。,スペイン,,選択肢：フランス／イタリア／スペイン／ポルトガル。ジャンルは当方の判断,https://x.com/Chishikikentei/status/1280269208769593349
公式X,例題,594,2020-07-08,第3回,スポーツ,ランプレーとパスプレーという攻撃が行われる球技は何か。,アメリカンフットボール,,選択肢：ラグビー／アメリカンフットボール／ハンドボール／アイスホッケー。ジャンルは当方の判断,https://x.com/Chishikikentei/status/1280651848458711040
公式X,例題,595,2020-07-09,第3回,生活,ロンドン、レジメンタルなどの種類がある模様は何か。,ストライプ,,選択肢：ストライプ／チェック／ドット／ペイズリー。ジャンルは当方の判断,https://x.com/Chishikikentei/status/1281017108856360962
公式X,例題,596,2020-07-13,第3回,生活,「もみじ」と呼ばれるのは何の動物の肉か。,鹿,,選択肢：鹿／猪／馬／羊。ジャンルは当方の判断,https://x.com/Chishikikentei/status/1282459199344017409
公式X,例題,597,2020-07-14,第3回,カルチャー,花札で「みよしの」と書かれた赤札が描かれているのは何の花の札か。,桜,,選択肢：桜／梅／菖蒲／桐。正解は当方の判断（正解発表の投稿を確認できず）。ジャンルは当方の判断,https://x.com/Chishikikentei/status/1282820955585171456
公式X,例題,598,2020-07-15,第3回,生活,韓国料理のサムギョプサルは何の肉を使った料理か。,豚肉,,選択肢：豚肉／牛肉／鶏肉／羊肉。ジャンルは当方の判断,https://x.com/Chishikikentei/status/1283184443885154304
公式X,例題,599,2020-07-16,第3回,国際,国際司法裁判所がおかれている都市はどこか。,ハーグ,,選択肢：ジュネーブ／パリ／ブリュッセル／ハーグ。ジャンルは当方の判断,https://x.com/Chishikikentei/status/1283546290974912512
公式X,例題,600,2020-07-17,第3回,芸術,「H氏賞」とはどんな文学に関する賞か。,詩,,選択肢：短歌／詩／SF小説／推理小説。ジャンルは当方の判断,https://x.com/Chishikikentei/status/1283897332996562944
公式X,例題,601,2020-07-20,第3回,地理・歴史,次の都市のうち、もっとも北に位置するのはどれか。,ロンドン,,選択肢：札幌／ソウル／ニューヨーク／ロンドン。ジャンルは当方の判断,https://x.com/Chishikikentei/status/1284999216192864259
公式X,例題,602,2020-07-21,第3回,生活,anelloはどこの国のバッグブランドか。,日本,,選択肢：日本／イタリア／アメリカ／フランス。ジャンルは当方の判断,https://x.com/Chishikikentei/status/1285355921925738498
公式X,例題,603,2020-07-22,第3回,ことば,英語のことわざ「Look before you leap.」に相当する日本のことわざは何か,転ばぬ先の杖,,選択肢：百聞は一見に如かず／君子危うきに近寄らず／転ばぬ先の杖／蓼食う虫も好き好き。ジャンルは当方の判断,https://x.com/Chishikikentei/status/1285705245860007937
公式X,例題,604,2020-07-27,第3回,政治・経済,次のうち、天皇の国事行為にあたらないものはどれか。,衆参両院議長の任命,,選択肢：内閣総理大臣の任命／衆参両院議長の任命／総選挙施行の公示／条約の公布。正解は当方の判断（正解発表の投稿を確認できず）。ジャンルは当方の判断,https://x.com/Chishikikentei/status/1287531222634123264
公式X,例題,605,2020-07-29,第3回,地理・歴史,1939年にモンゴルと満州国境付近で起こった、日本とソ連の衝突事件を何というか。,ノモンハン事件,,選択肢：ノモンハン事件／盧溝橋事件／柳条湖事件／タウラン事件。ジャンルは当方の判断,https://x.com/Chishikikentei/status/1288262244493484032
公式X,例題,606,2020-07-30,第3回,生活,「Exif」とは何のファイルフォーマットか。,画像,,選択肢：動画／音声／画像／テキスト。ジャンルは当方の判断,https://x.com/Chishikikentei/status/1288621554348093440
公式X,例題,607,2020-08-04,第3回,スポーツ,次のIT企業のうち、サッカーJリーグのクラブを保有しているのはどこか。,メルカリ,○,選択肢：DeNA／ソフトバンク／ミクシィ／メルカリ。ジャンルは当方の判断,https://x.com/Chishikikentei/status/1290443471883558912
公式X,例題,608,2020-08-05,第3回,芸術,ベートーヴェンの作品で標題を『田園』というのは交響曲第何番か。,第6番,,選択肢：第3番／第4番／第5番／第6番。ジャンルは当方の判断,https://x.com/Chishikikentei/status/1290798401626333184
公式X,例題,609,2020-08-06,第3回,国際,ギリシャ系住民とトルコ系住民の紛争が絶えない国はどこか。,キプロス,,選択肢：キプロス／アルバニア／マケドニア／モルドバ。ジャンルは当方の判断,https://x.com/Chishikikentei/status/1291160773188882437
公式X,例題,610,2020-08-07,第3回,芸術,「歩く速さで」という意味がある音楽の演奏速度記号は何か。,アンダンテ,,選択肢：モデラート／アダージョ／アンダンテ／アレグロ。ジャンルは当方の判断,https://x.com/Chishikikentei/status/1291528338930954240
公式X,例題,611,2020-08-11,第3回,地理・歴史,19世紀にイギリスで起きたチャーチスト運動とは、労働者が何を求めた運動のことか。,選挙を行う権利,,選択肢：子どもに教育を受けさせる権利／労働組合をつくる権利／選挙を行う権利／年金に加入する権利。ジャンルは当方の判断,https://x.com/Chishikikentei/status/1292978012619603970
公式X,例題,612,2020-08-12,第3回,芸術,代表作に『洛中洛外図屛風』『唐獅子図屛風』などがある画家は誰か。,狩野永徳,,選択肢：長谷川等伯／俵屋宗達／伊藤若冲／狩野永徳。ジャンルは当方の判断,https://x.com/Chishikikentei/status/1293337570764496897
公式X,例題,613,2020-08-13,第3回,地理・歴史,6世紀頃、朝廷で勢力を誇ったものの蘇我氏に滅ぼされた豪族は何氏か。,物部氏,,選択肢：物部氏／葛城氏／巨勢氏／中臣氏。ジャンルは当方の判断,https://x.com/Chishikikentei/status/1293734102751797249
公式X,例題,614,2020-08-14,第3回,生活,イタリア料理で使われるバルサミコの原料となる果物は何か。,ブドウ,,選択肢：ブドウ／リンゴ／レモン／オレンジ。ジャンルは当方の判断,https://x.com/Chishikikentei/status/1294105417815998464
公式X,例題,615,2020-08-17,第3回,ことば,「快刀乱麻をたつ」の「たつ」の正しい漢字はどれか。,断つ,,選択肢：絶つ／断つ／裁つ／発つ。ジャンルは当方の判断,https://x.com/Chishikikentei/status/1295143693557538817
公式X,例題,616,2020-08-18,第3回,国際,地球温暖化防止のパリ協定で定められている「世界の平均気温上昇2℃未満に抑える」とは、いつの時点を基準としているか。,産業革命前,,選択肢：産業革命前／20世紀になった1901年／100年前の1920年／第二次大戦終戦前。ジャンルは当方の判断,https://x.com/Chishikikentei/status/1295503574449831936
公式X,例題,617,2020-08-19,第3回,社会,「ジェネレーションZ」とは、次のどの世代のことか。,ネット利用が最初からスマホ中心の世代,,選択肢：バブル崩壊後の就職氷河期に大学生だった世代／仕事をリタイアして悠々自適に生活している世代／ネット利用が最初からスマホ中心の世代／終活に向かう世代。ジャンルは当方の判断,https://x.com/Chishikikentei/status/1295867326441512960
公式X,例題,618,2020-08-20,第3回,カルチャー,ファッションデザイナー・森英恵が多くの作品のモチーフとしているものは何か。,蝶,,選択肢：蝶／桜／水玉／猫。ジャンルは当方の判断。再出題：2020-12-02,https://x.com/Chishikikentei/status/1296234623597334528
公式X,例題,619,2020-08-21,第3回,生活,小型のシュークリームを積み上げたフランスの伝統的な祝い菓子は何か。,クロカンブッシュ,,選択肢：ブランマンジェ／クイニーアマン／クロカンブッシュ／フィナンシェ。ジャンルは当方の判断,https://x.com/Chishikikentei/status/1296594922930282497
公式X,例題,620,2020-08-24,第3回,芸術,ガートルード、オフィーリアという人物が登場する、シェイクスピアの戯曲は何か。,ハムレット,,選択肢：リア王／マクベス／オセロ／ハムレット。ジャンルは当方の判断,https://x.com/Chishikikentei/status/1297682135025774592
公式X,例題,621,2020-08-25,第3回,政治・経済,国政選挙の比例代表で、候補者の名前を書いても有効になるのは、衆議院・参議院のどちらか？,参議院,,選択肢：衆議院／参議院／衆参いずれも有効／衆参いずれも無効。ジャンルは当方の判断,https://x.com/Chishikikentei/status/1298041754747248642
公式X,例題,622,2020-08-26,第3回,カルチャー,映画『屍人荘の殺人』『思い、思われ、ふり、ふられ』でヒロインを演じた女優は誰か？,浜辺美波,○,選択肢：浜辺美波／桜井日奈子／広瀬すず／吉岡里帆。ジャンルは当方の判断,https://x.com/Chishikikentei/status/1298413329854033921
公式X,例題,623,2020-08-27,第3回,地理・歴史,次の中国の歴代王朝のうち、成立したのが最も新しいのはどれか。,明,,選択肢：宋／明／唐／隋。ジャンルは当方の判断,https://x.com/Chishikikentei/status/1298769211871784962
公式X,例題,624,2020-08-28,第3回,ことば,次のうち、正しい表現はどれか。,風の便りにきく,,選択肢：過半数を超える／押しも押されぬ／風の便りにきく／尻をまくって逃げる。ジャンルは当方の判断。再出題：2021-05-12,https://x.com/Chishikikentei/status/1299158553534423040
公式X,例題,625,2020-08-31,第3回,社会,次の都道府県のうち、2019年末時点の推計人口が、2015年の国勢調査より減少しているのはどこか。,大阪府,○,選択肢：東京都／愛知県／大阪府／沖縄県。ジャンルは当方の判断,https://x.com/Chishikikentei/status/1300225076961275904
公式X,例題,626,2020-09-01,第3回,生活,「木こり風」という意味がある、キノコをふんだんに用いたパスタ料理は何か。,ボスカイオーラ,,選択肢：ボスカイオーラ／アマトリチャーナ／カチャトーラ／オルトラーナ。ジャンルは当方の判断,https://x.com/Chishikikentei/status/1300580416164753408
公式X,例題,627,2020-09-03,第3回,自然科学,「ばねの伸びは、ばねを引っ張った力に比例する」は誰の法則か。,フック,,選択肢：ボイル／フック／ガウス／クーロン。ジャンルは当方の判断,https://x.com/Chishikikentei/status/1301302916658024448
公式X,例題,628,2020-09-04,第3回,地理・歴史,古代都市遺跡クノッソスがあるギリシャの島はどこか。,クレタ島,,選択肢：ロードス島／クレタ島／レスボス島／ミロス島。ジャンルは当方の判断,https://x.com/Chishikikentei/status/1301667133051473921
公式X,例題,629,2020-09-07,第3回,スポーツ,オリンピックの女子フィギュアスケート競技で、日本人として唯一金メダルを獲得しているのは誰か。,荒川静香,,選択肢：安藤美姫／荒川静香／浅田真央／宮原知子。正解は当方の判断（正解発表の投稿を確認できず）。ジャンルは当方の判断,https://x.com/Chishikikentei/status/1302757010732011521
公式X,例題,630,2020-09-08,第3回,地理・歴史,大化の改新の中心人物である中大兄皇子は、後の何天皇か。,天智天皇,,選択肢：天智天皇／天武天皇／持統天皇／皇極天皇。ジャンルは当方の判断,https://x.com/Chishikikentei/status/1303118520410988546
公式X,例題,631,2020-09-09,第3回,政治・経済,日本国憲法13条では「生命、自由及び幸福追求に対する国民の権利は“何”に反しない限り尊重される」とあるか。,公共の福祉,,選択肢：個人の尊厳／法律に定める手続き／法の下の平等／公共の福祉。ジャンルは当方の判断,https://x.com/Chishikikentei/status/1303479959978045442
公式X,例題,632,2020-09-10,第3回,ことば,「うそ寒い」の意味は次のうちどれか。,うっすらと寒い,,選択肢：寒くない／とても寒い／暖かい／うっすらと寒い。ジャンルは当方の判断,https://x.com/Chishikikentei/status/1303844997159026688
公式X,例題,633,2020-09-11,第3回,生活,キムチの一種で、オイキムチに使われる野菜は何か。,キュウリ,,選択肢：キュウリ／ハクサイ／ダイコン／ニンジン。ジャンルは当方の判断,https://x.com/Chishikikentei/status/1304204771331461122
公式X,例題,634,2020-09-14,第3回,スポーツ,次のうち、通常1月1日に開催されるのはどれか。,ニューイヤー駅伝,,選択肢：ラグビー日本選手権決勝／ライスボウル／箱根駅伝往路／ニューイヤー駅伝。ジャンルは当方の判断,https://x.com/Chishikikentei/status/1305301901903196164
公式X,例題,635,2020-09-15,第3回,カルチャー,次のお笑いコンビのうち、男女ペアなのはどれか。,パーパー,○,選択肢：パーパー／ニューヨーク／マヂカルラブリー／金属バット。ジャンルは当方の判断,https://x.com/Chishikikentei/status/1305658084501590016
公式X,例題,636,2020-09-16,第3回,政治・経済,1985年のプラザ合意を受けて起こった出来事は次のどれか。,円高ドル安の進行,,選択肢：貿易自由化の促進／日経平均株価の暴落／バブル経済の崩壊／円高ドル安の進行。ジャンルは当方の判断,https://x.com/Chishikikentei/status/1306013665339076631
公式X,例題,637,2020-09-17,第3回,国際,かつて白豪主義と呼ばれる白人優遇政策をとっていた国はどこか。,オーストラリア,,選択肢：南アフリカ共和国／カナダ／オーストラリア／ロシア。ジャンルは当方の判断,https://x.com/Chishikikentei/status/1306379316452753408
公式X,例題,638,2020-09-18,第3回,スポーツ,次の球技のうち、1チームの人数がもっとも少ないのはどれか。,ラクロス,,選択肢：ラクロス／サッカー／クリケット／ホッケー。ジャンルは当方の判断,https://x.com/Chishikikentei/status/1306763130505101312
公式X,例題,639,2020-09-23,第3回,ことば,「恣意的」の意味として正しいのはどれか。,自分勝手に,,選択肢：自分勝手に／わざと／集中して／周囲に同調して。ジャンルは当方の判断,https://x.com/Chishikikentei/status/1308561944803078145
公式X,例題,640,2020-09-24,第3回,地理・歴史,コーヒー豆の生産量が、ブラジルに次いで多い国はどこか。,ベトナム,,選択肢：コロンビア／ベトナム／インドネシア／エチオピア。ジャンルは当方の判断,https://x.com/Chishikikentei/status/1308917025151033345
公式X,例題,641,2020-09-25,第3回,社会,総務省の定める指標・ILASとは青少年の何に関する指標か。,ネットリテラシー,,選択肢：基礎学力／いじめ／犯罪／ネットリテラシー。ジャンルは当方の判断,https://x.com/Chishikikentei/status/1309280228351459329
公式X,例題,642,2020-09-28,第3回,地理・歴史,アメリカとメキシコの国境をなす川は何か。,リオグランデ川,,選択肢：ミシシッピ川／リオグランデ川／セントローレンス川／スワニー川。正解は当方の判断（正解発表の投稿を確認できず）。ジャンルは当方の判断,https://x.com/Chishikikentei/status/1310369772756807682
公式X,例題,643,2020-09-29,第3回,政治・経済,次のうち、内閣総理大臣について誤っているのはどれか。,衆議院から指名される,,選択肢：任期はない／天皇が任命する／行政府の長とされる／衆議院から指名される。ジャンルは当方の判断,https://x.com/Chishikikentei/status/1310725195414429698
公式X,例題,644,2020-09-30,第3回,芸術,音楽家ショパンの異名は「何の詩人」か。,ピアノ,,選択肢：ピアノ／ヴァイオリン／フルート／ハープ。ジャンルは当方の判断,https://x.com/Chishikikentei/status/1311093216943288321
公式X,例題,645,2020-10-01,第3回,生活,次の野菜のうち、「拍子木切り」で切られることがあるのはどれか。,ダイコン,,選択肢：ダイコン／ネギ／ナス／トマト。正解は当方の判断（正解発表の投稿を確認できず）。ジャンルは当方の判断,https://x.com/Chishikikentei/status/1311454243971244032
公式X,例題,646,2020-10-02,第3回,生活,乳児にハチミツを食べさせてはいけないのは、どのような危険があるためか。,ボツリヌス菌がいる,,選択肢：のどに詰まらせて窒息する／ボツリヌス菌がいる／腸内の善玉菌が死滅する／胃で消化しきれない。ジャンルは当方の判断,https://x.com/Chishikikentei/status/1311813382153015296
公式X,例題,647,2020-10-05,第3回,地理・歴史,次のうち、大正時代に起きた出来事はどれか。,関東大震災,,選択肢：関東大震災／五・一五事件／二・二六事件／満州事変。ジャンルは当方の判断,https://x.com/Chishikikentei/status/1312899328311132160
公式X,例題,648,2020-10-06,第3回,地理・歴史,ガラパゴス諸島はどこの国の領土か。,エクアドル,,選択肢：ペルー／アルゼンチン／エクアドル／チリ。ジャンルは当方の判断,https://x.com/Chishikikentei/status/1313260354680446976
公式X,例題,649,2020-10-08,第3回,自然科学,苛性ソーダ、炭酸ソーダというときの「ソーダ」とは何の化合物のことか。,ナトリウム,,選択肢：カルシウム／ナトリウム／カリウム／マグネシウム。ジャンルは当方の判断,https://x.com/Chishikikentei/status/1313993006270222338
公式X,例題,650,2020-10-12,第3回,カルチャー,次の野球漫画のうち、プロ野球を題材としているのはどれか。,グラゼニ,,選択肢：MAJOR 2nd／ダイヤのA／グラゼニ／おおきく振りかぶって。ジャンルは当方の判断,https://x.com/Chishikikentei/status/1315437245956939776
公式X,例題,651,2020-10-13,第3回,社会,甲賀忍者の里として知られる滋賀県甲賀市で盛んな産業は次のうちどれか。,製薬業,,選択肢：製薬業／製菓業／製糸業／製鉄業。ジャンルは当方の判断,https://x.com/Chishikikentei/status/1315801353453666304
公式X,例題,652,2020-10-14,第3回,地理・歴史,奥入瀬川の源である湖はどこか。,十和田湖,,選択肢：十和田湖／十三湖／田沢湖／猪苗代湖。正解は当方の判断（正解発表の投稿を確認できず）。ジャンルは当方の判断,https://x.com/Chishikikentei/status/1316161924426469376
公式X,例題,653,2020-10-15,第3回,カルチャー,オクトーバーフェストの発祥国はどこか。,ドイツ,,選択肢：イギリス／フランス／イタリア／ドイツ。ジャンルは当方の判断,https://x.com/Chishikikentei/status/1316528394503299073
公式X,例題,654,2020-10-16,第3回,芸術,代表作『レ・ミゼラブル』で知られるフランスの作家は誰か。,ユゴー,,選択肢：バルザック／スタンダール／ユゴー／ゾラ。ジャンルは当方の判断,https://x.com/Chishikikentei/status/1316896301598953472
公式X,例題,655,2020-10-19,第3回,芸術,プロレタリア文学の代表作とされる小説『蟹工船』の作者は誰か。,小林多喜二,,選択肢：徳永直／小林多喜二／葉山嘉樹／中野重治。ジャンルは当方の判断,https://x.com/Chishikikentei/status/1317975674603274240
公式X,例題,656,2020-10-20,第3回,政治・経済,次のうち、低所得な人ほど負担が強い「逆進税」が問題となる税はどれか。,消費税,,選択肢：所得税／消費税／固定資産税／贈与税。ジャンルは当方の判断,https://x.com/Chishikikentei/status/1318344841424637952
公式X,例題,657,2020-10-21,第3回,生活,JRで団体割引が適用されるのは何人以上からか。,8人,,選択肢：8人／10人／12人／15人。ジャンルは当方の判断,https://x.com/Chishikikentei/status/1318702779397939200
公式X,例題,658,2020-10-22,第3回,地理・歴史,エックスハイウェイが通る地方はどこか。,四国,,選択肢：東北／関西／四国／九州。ジャンルは当方の判断,https://x.com/Chishikikentei/status/1319060210040725506
公式X,例題,659,2020-10-23,第3回,生活,ハイドロプレーニング現象が起こるのは、次のどの状態か。,自動車の運転中,,選択肢：入浴中／自動車の運転中／激しい運動中／就寝中。正解は当方の判断（正解発表の投稿を確認できず）。ジャンルは当方の判断。問題文の誤字は公式が訂正,https://x.com/Chishikikentei/status/1319416752426471424
公式X,例題,660,2020-10-26,第3回,自然科学,学名を「ユーグレナ」という微生物は何か。,ミドリムシ,,選択肢：ゾウリムシ／ミドリムシ／ミジンコ／ワラジムシ。ジャンルは当方の判断,https://x.com/Chishikikentei/status/1320513284814979072
公式X,例題,661,2020-10-27,第3回,スポーツ,道具を使わずに街の壁や建物などを素早く乗り越え移動する、フランス発祥の競技は何か。,パルクール,,選択肢：トリッキング／パルクール／サバット／ブレイキン。ジャンルは当方の判断,https://x.com/Chishikikentei/status/1320871565362278400
公式X,例題,662,2020-10-29,第3回,芸術,安宅関が舞台として登場する歌舞伎の演目は何か。,勧進帳,,選択肢：助六／勧進帳／外郎売／義経千本桜。ジャンルは当方の判断,https://x.com/Chishikikentei/status/1321596654135373825
公式X,例題,663,2020-10-30,第3回,ことば,次の陰暦の月の名称で、一年で最初はどれか？,如月,,選択肢：卯月／如月／弥生／文月。ジャンルは当方の判断,https://x.com/Chishikikentei/status/1321968135168094209
公式X,例題,664,2020-11-02,第3回,政治・経済,世界最大の持株会社バークシャー・ハサウェイの会長である投資家は誰か。,ウォーレン・バフェット,,選択肢：ジョージ・ソロス／ジム・ロジャース／ウォーレン・バフェット／ピーター・リンチ。ジャンルは当方の判断,https://x.com/Chishikikentei/status/1323050593796018177
公式X,例題,665,2020-11-04,第3回,生活,日本肥満学会の判定基準で肥満とされるのはBMIがいくつ以上か。,25,,選択肢：15／20／25／30。ジャンルは当方の判断,https://x.com/Chishikikentei/status/1323772968690839552
公式X,例題,666,2020-11-05,第3回,社会,「30％クラブ」とは企業における何の割合30％を目指すことか。,役員に占める女性,,選択肢：出産後の女性の復職／外国人の雇用／男性の育児休業取得／役員に占める女性。ジャンルは当方の判断,https://x.com/Chishikikentei/status/1324136145630896128
公式X,例題,667,2020-11-06,第3回,政治・経済,日本国憲法第68条で規定されている罷免権とは、誰が誰を辞めさせることができる権利のことか。,総理大臣が国務大臣を,,選択肢：国民が最高裁判所の裁判官を／住民が市町村議会議員を／天皇が最高裁判所の長官を／総理大臣が国務大臣を。ジャンルは当方の判断,https://x.com/Chishikikentei/status/1324496277401337856
公式X,例題,668,2020-11-09,第3回,カルチャー,次のうち、バーチャルYouTuberでないのはどれか。,てんちむ,○,選択肢：てんちむ／キズナアイ／輝夜月／ミライアカリ。ジャンルは当方の判断,https://x.com/Chishikikentei/status/1325587490636357632
公式X,例題,669,2020-11-10,第3回,生活,次のうち、竜頭という部品があるのはどれか。,腕時計,,選択肢：腕時計／ネックレス／血圧計／メガネ。ジャンルは当方の判断,https://x.com/Chishikikentei/status/1325944836898238464
公式X,例題,670,2020-11-11,第3回,地理・歴史,徳川慶喜が大政奉還の意思を示したのはどこか。,二条城,,選択肢：江戸城／京都御所／二条城／寛永寺。ジャンルは当方の判断,https://x.com/Chishikikentei/status/1326310338908745729
公式X,例題,671,2020-11-12,第3回,芸術,日本舞踊で､芸名の所持を家元や師匠から許されることを何というか。,名取,,選択肢：皆伝／名取／師範／竈分。ジャンルは当方の判断,https://x.com/Chishikikentei/status/1326674180373295106
公式X,例題,672,2020-11-13,第3回,ことば,英語のことわざ「Seeing is believing.」に相当する、日本のことわざは何か。,百聞は一見にしかず,,選択肢：百聞は一見にしかず／聞いて極楽見て地獄／信じるものは救われる／人の振り見て我が振り直せ。正解は当方の判断（正解発表の投稿を確認できず）。ジャンルは当方の判断,https://x.com/Chishikikentei/status/1327033984241451008
公式X,例題,673,2020-11-16,第3回,社会,次のうち自動車メーカーとその企業城下町の組み合わせで誤っているのはどれか。,マツダ－広島県福山市,,選択肢：トヨタ－愛知県豊田市／マツダ－広島県福山市／ダイハツ－大阪府池田市／ホンダ－埼玉県和光市。ジャンルは当方の判断,https://x.com/Chishikikentei/status/1328109826572840960
公式X,例題,674,2020-11-17,第3回,生活,スープの一種・ビスクは、主に何を裏ごしして作られるか。,甲殻類,,選択肢：果物／根菜／レバー／甲殻類。ジャンルは当方の判断,https://x.com/Chishikikentei/status/1328486778206969856
公式X,例題,675,2020-11-18,第3回,芸術,「月が出た出た」の歌い出しで始まる民謡は何か。,炭坑節,,選択肢：黒田節／炭坑節／安来節／八木節。ジャンルは当方の判断,https://x.com/Chishikikentei/status/1328846681492787201
公式X,例題,676,2020-11-19,第3回,ことば,「厄介」の意味は何か。,世話をすること,,選択肢：罪を犯すこと／耳障りなこと／役に立つこと／世話をすること。ジャンルは当方の判断,https://x.com/Chishikikentei/status/1329204428717531136
公式X,例題,677,2020-11-20,第3回,自然科学,インテュイティヴサージカル社が開発したダヴィンチとは何を行うためのロボットか。,手術,,選択肢：建築／手術／運転／介護。ジャンルは当方の判断,https://x.com/Chishikikentei/status/1329565518718636033
公式X,例題,678,2020-11-24,第3回,ことば,「目から鼻へ抜ける」の意味は何か。,利口で賢い,,選択肢：忘れっぽい／体が弱い／注意力がある／利口で賢い。ジャンルは当方の判断,https://x.com/Chishikikentei/status/1331020466996142081
公式X,例題,679,2020-11-25,第3回,芸術,ストラディバリウスとは何の楽器の最高峰とされるものか。,ヴァイオリン,,選択肢：ピアノ／フルート／ヴァイオリン／トランペット。ジャンルは当方の判断,https://x.com/Chishikikentei/status/1331379768546058241
公式X,例題,680,2020-11-26,第3回,社会,ビジネスシーンで、上司が運転する車に乗り込む際にもっとも上座となるのはどこか。,助手席,,選択肢：後部座席の右側／後部座席の左側／後部座席の真ん中／助手席。ジャンルは当方の判断,https://x.com/Chishikikentei/status/1331748321484963840
公式X,例題,681,2020-11-27,第3回,スポーツ,ノックオンという反則がある球技は何か。,ラグビー,,選択肢：ラグビー／サッカー／バレーボール／ハンドボール。ジャンルは当方の判断,https://x.com/Chishikikentei/status/1332119330004160512
公式X,例題,682,2020-11-30,第3回,ことば,「エイジング」の訳として適切なのは次のどれか。,熟成,,選択肢：固定／逆行／熟成／満期。ジャンルは当方の判断,https://x.com/Chishikikentei/status/1333192725257023488
公式X,例題,683,2020-12-01,第3回,政治・経済,フリードマンを中心として発展した経済学者のグループを何というか。,シカゴ学派,,選択肢：シカゴ学派／ワシントン学派／ダラス学派／ロサンゼルス学派。ジャンルは当方の判断,https://x.com/Chishikikentei/status/1333551963728842752
公式X,例題,684,2020-12-04,第3回,生活,フォー、ゴイクン、バインミーとは、どこの国の料理か。,ベトナム,,選択肢：ベトナム／トルコ／メキシコ／イタリア。ジャンルは当方の判断,https://x.com/Chishikikentei/status/1334642614646104068
公式X,例題,685,2020-12-07,第3回,地理・歴史,ナウマンゾウの化石が発見された湖はどこか。,野尻湖,,選択肢：山中湖／河口湖／諏訪湖／野尻湖。ジャンルは当方の判断,https://x.com/Chishikikentei/status/1335733664273977344
公式X,例題,686,2020-12-08,第3回,自然科学,京都大学教授の望月新一は、何の学者か。,数学,○,選択肢：法学／経済学／数学／医学。ジャンルは当方の判断,https://x.com/Chishikikentei/status/1336098641182818305
公式X,例題,687,2020-12-09,第3回,スポーツ,優勝者にマイヨ・ジョーヌと呼ばれるジャージが贈られるレースは何か。,ツール・ド・フランス,,選択肢：ツール・ド・フランス／インディ500／鈴鹿8時間耐久ロードレース／アメリカズカップ。正解は当方の判断（正解発表の投稿を確認できず）。ジャンルは当方の判断,https://x.com/Chishikikentei/status/1336453774504693761
公式X,例題,688,2020-12-10,第3回,ことば,「ルサンチマン」の意味として適切なのはどれか。,怨恨,,選択肢：抵抗／絶望／怨恨／困惑。ジャンルは当方の判断,https://x.com/Chishikikentei/status/1336810534994243584
公式X,例題,689,2020-12-11,第3回,社会,「くるみんマーク」とは、従業員の何を支援している企業が使用できるマークか。,子育て,,選択肢：有休消化／子育て／時差出勤／在宅勤務。ジャンルは当方の判断,https://x.com/Chishikikentei/status/1337178228893466624
公式X,例題,690,2020-12-14,第3回,生活,ジビエ料理とはどんな食材を使った料理のことか。,野生鳥獣,,選択肢：無農薬野菜／保存食品／地元食材／野生鳥獣。正解は当方の判断（正解発表の投稿を確認できず）。ジャンルは当方の判断,https://x.com/Chishikikentei/status/1338268122478911488
公式X,例題,691,2020-12-15,第3回,スポーツ,高所に張られたロープに滑車をつなげて滑り降りるレジャースポーツは何か。,ジップライン,,選択肢：キャニオリング／スラックライン／ジップライン／ビッグエア。ジャンルは当方の判断,https://x.com/Chishikikentei/status/1338627280923312128
公式X,例題,692,2020-12-16,第3回,ことば,陰暦10月を神在月と呼んだのはどこか。,出雲,,選択肢：伊勢／太宰府／熊野／出雲。ジャンルは当方の判断,https://x.com/Chishikikentei/status/1338995535647186944
公式X,例題,693,2020-12-17,第3回,芸術,代表作『魔弾の射手』で知られる、ドイツの国民的ロマン主義オペラを確立した作曲家は誰か。,ウェーバー,,選択肢：ベートーベン／ウェーバー／バッハ／ブラームス。ジャンルは当方の判断,https://x.com/Chishikikentei/status/1339358482105921538
公式X,例題,694,2020-12-18,第3回,地理・歴史,901年、左大臣・藤原時平の陰謀により、太宰府に左遷された貴族は誰か。,菅原道真,,選択肢：藤原薬子／小野篁／坂上田村麻呂／菅原道真。ジャンルは当方の判断,https://x.com/Chishikikentei/status/1339713680498290689
公式X,例題,695,2020-12-21,第3回,スポーツ,イタリアでプレーする石川祐希は、何の球技の選手か。,バレーボール,○,選択肢：サッカー／バスケットボール／バレーボール／ラグビー。ジャンルは当方の判断,https://x.com/Chishikikentei/status/1340807382734028800
公式X,例題,696,2020-12-22,第3回,国際,韓国の祝日「光復節」は何月何日か。,8月15日,,選択肢：1月1日／5月1日／8月15日／10月1日。ジャンルは当方の判断,https://x.com/Chishikikentei/status/1341161737546919936
公式X,例題,697,2020-12-23,第3回,地理・歴史,1945年に行われた、ソ連の対日参戦などを決定した連合国による会談は何か。,ヤルタ会談,,選択肢：カイロ会談／ヤルタ会談／ポツダム会談／テヘラン会談。正解は当方の判断（正解発表の投稿を確認できず）。ジャンルは当方の判断,https://x.com/Chishikikentei/status/1341550902960824321
公式X,例題,698,2020-12-24,第3回,芸術,ベートーベンの『交響曲第6番』の標題は何か。,田園,,選択肢：田園／運命／英雄／合唱。ジャンルは当方の判断,https://x.com/Chishikikentei/status/1341890541399633920
公式X,例題,699,2020-12-25,第3回,国際,日本がもっとも多く原油を輸入している国はどこか（2019年）。,サウジアラビア,○,選択肢：イラン／クウェート／アラブ首長国連邦／サウジアラビア。ジャンルは当方の判断,https://x.com/Chishikikentei/status/1342255484506525698
公式X,例題,700,2020-12-28,第3回,地理・歴史,インダス文明の遺跡であるモヘンジョ・ダロがある国はどこか。,パキスタン,,選択肢：インド／パキスタン／ネパール／インドネシア。ジャンルは当方の判断,https://x.com/Chishikikentei/status/1343339109348077569
公式X,例題,701,2020-12-29,第3回,芸術,夏の甲子園の大会歌『栄冠は君に輝く』の作曲者は誰か。,古関裕而,,選択肢：古関裕而／山田耕作／服部良一／古賀政男。ジャンルは当方の判断,https://x.com/Chishikikentei/status/1343721115793833985
公式X,例題,702,2020-12-31,第3回,国際,複数の国が領有権を主張するスプラトリー諸島がある海域はどこか。,南シナ海,,選択肢：ベーリング海／アラビア海／カリブ海／南シナ海。正解は当方の判断（正解発表の投稿を確認できず）。ジャンルは当方の判断,https://x.com/Chishikikentei/status/1344449874104729600
公式X,例題,703,2021-01-04,第3回,政治・経済,日本国憲法で国会は、「“何”の最高機関」と定められているか。,国権,,選択肢：国権／立法／国民／行政。ジャンルは当方の判断,https://x.com/Chishikikentei/status/1345894800738799616
公式X,例題,704,2021-01-05,第3回,地理・歴史,南米大陸の先住民と、移住したスペイン系やポルトガル系の白人との混血を何というか。,メスティソ,,選択肢：ムラート／サンボ／ヒスパニック／メスティソ。ジャンルは当方の判断,https://x.com/Chishikikentei/status/1346235665264955392
公式X,例題,705,2021-01-06,第3回,自然科学,地球が誕生したのは約何億年前と考えられているか。,46億年前,,選択肢：16億年前／26億年前／36億年前／46億年前。ジャンルは当方の判断,https://x.com/Chishikikentei/status/1346604208452034560
公式X,例題,706,2021-01-07,第3回,カルチャー,絵本『からすのパンやさん』の作者は誰か。,かこさとし,,選択肢：せなけいこ／かがくいひろし／かこさとし／やなせたかし。ジャンルは当方の判断,https://x.com/Chishikikentei/status/1346962770101555201
公式X,例題,707,2021-01-08,第3回,生活,薄切り肉に小麦粉と溶いた卵をつけて焼いたイタリア料理を何というか。,ピカタ,,選択肢：ブルスケッタ／ピカタ／サルティン・ボッカ／ラザニア。ジャンルは当方の判断,https://x.com/Chishikikentei/status/1347320593406779393
公式X,例題,708,2021-01-12,第3回,国際,水俣条約は、何の物質の製造および輸出入を制限する条約か。,水銀,,選択肢：鉛／カドミウム／ヒ素／水銀。ジャンルは当方の判断,https://x.com/Chishikikentei/status/1348776183551455232
公式X,例題,709,2021-01-13,第3回,芸術,チャイコフスキー国際ピアノコンクールが開催される都市はどこか。,モスクワ,,選択肢：ワルシャワ／モスクワ／ニューヨーク／ローマ。ジャンルは当方の判断,https://x.com/Chishikikentei/status/1349136821087727616
公式X,例題,710,2021-01-15,第3回,自然科学,アインシュタインの特殊相対性理論の説明に用いられることがある、日本の昔ばなしは何か。,浦島太郎,,選択肢：浦島太郎／竹取物語／一寸法師／鶴の恩返し。ジャンルは当方の判断,https://x.com/Chishikikentei/status/1349865739700715521
公式X,例題,711,2021-01-18,第3回,スポーツ,スキーのノルディック複合で行われる競技は何と何か。,ジャンプとクロスカントリー,,選択肢：射撃とクロスカントリー／ジャンプとモーグル／ジャンプとクロスカントリー／射撃とモーグル。ジャンルは当方の判断,https://x.com/Chishikikentei/status/1350947781100396551
公式X,例題,712,2021-01-19,第3回,自然科学,ヒトの学名「ホモ・サピエンス」の元々の意味は何か。,知恵のある人,,選択肢：知恵のある人／火を使う人／遊ぶ人／手を使う人。正解は当方の判断（正解発表の投稿を確認できず）。ジャンルは当方の判断,https://x.com/Chishikikentei/status/1351313338265792512
公式X,例題,713,2021-01-20,第3回,地理・歴史,仏教が日本に伝来したのは何時代か。,飛鳥時代,,選択肢：飛鳥時代／奈良時代／平安時代／鎌倉時代。ジャンルは当方の判断,https://x.com/Chishikikentei/status/1351667716663377920
公式X,例題,714,2021-01-21,第3回,ことば,次のうち、係り結びが使われているのはどれか。,今こそ別れめ,,選択肢：今こそ別れめ／いざ行かん／いふに及ばず／いとわろし。ジャンルは当方の判断,https://x.com/Chishikikentei/status/1352037403645468673
公式X,例題,715,2021-01-22,第3回,カルチャー,『アビー・ロード』というアルバムをリリースしたグループは何か。,ビートルズ,,選択肢：レッド・ツェッペリン／ビートルズ／クイーン／ローリング・ストーンズ。ジャンルは当方の判断,https://x.com/Chishikikentei/status/1352397452976943104
公式X,例題,716,2021-01-25,第3回,自然科学,ミマス、エンケラドゥス、タイタンなどの衛星がある惑星は何か。,土星,,選択肢：火星／木星／土星／天王星。ジャンルは当方の判断,https://x.com/Chishikikentei/status/1353481906784849921
公式X,例題,717,2021-01-26,第3回,スポーツ,太田雄貴が日本の協会の会長を務める競技は何か。,フェンシング,○,選択肢：フェンシング／ボクシング／アーチェリー／カヌー。ジャンルは当方の判断,https://x.com/Chishikikentei/status/1353846704097771526
公式X,例題,718,2021-01-27,第3回,ことば,「素封家」とはどのような人のことか。,お金持ち,,選択肢：誠実な人／ケチな人／大食い／お金持ち。ジャンルは当方の判断,https://x.com/Chishikikentei/status/1354209249237164034
公式X,例題,719,2021-01-28,第3回,生活,六曜で、朝と夜は吉、昼は凶とされるのは何か。,友引,,選択肢：赤口／先負／先勝／友引。ジャンルは当方の判断,https://x.com/Chishikikentei/status/1354575647524278272
公式X,例題,720,2021-01-29,第3回,政治・経済,「ゲリマンダー」という言葉が関連することがらは次のどれか。,選挙区の区割り,,選択肢：派閥の勢力争い／閣僚の選出／選挙区の区割り／政権の支持率。ジャンルは当方の判断,https://x.com/Chishikikentei/status/1354931397069205507
公式X,例題,721,2021-02-01,第3回,自然科学,数学で「r」で表記されるものは何か。,半径,,選択肢：線分／傾き／外角／半径。ジャンルは当方の判断,https://x.com/Chishikikentei/status/1356022760112177152
公式X,例題,722,2021-02-02,第3回,ことば,「草枕」とは次のどの語にかかる枕詞か。,旅,,選択肢：命／旅／土／夢。ジャンルは当方の判断,https://x.com/Chishikikentei/status/1356385665869438977
公式X,例題,723,2021-02-03,第3回,芸術,「月日は百代の過客にして」という書き出しで始まる文学作品は何か。,おくのほそ道,,選択肢：方丈記／おくのほそ道／徒然草／土佐日記。ジャンルは当方の判断,https://x.com/Chishikikentei/status/1356750458249859073
公式X,例題,724,2021-02-04,第3回,生活,もみじとは、何の動物の肉か。,シカ,,選択肢：イノシシ／ウマ／ヒツジ／シカ。ジャンルは当方の判断,https://x.com/Chishikikentei/status/1357114406677585920
公式X,例題,725,2021-02-05,第3回,ことば,「比翼連理」とはどの関係を言い表した言葉か。,夫婦,,選択肢：親子／夫婦／兄弟／師弟。ジャンルは当方の判断,https://x.com/Chishikikentei/status/1357471074489831424
公式X,例題,726,2021-02-08,第3回,地理・歴史,1533年にインカ帝国を滅ぼしたスペインの探検家は誰か。,ピサロ,,選択肢：コルテス／ピサロ／バルボア／バルディビア。ジャンルは当方の判断,https://x.com/Chishikikentei/status/1358559397329293313
公式X,例題,727,2021-02-09,第3回,自然科学,JAXAが運用する「宇宙ステーション補給機」の通称は何か。,こうのとり,,選択肢：ひこぼし／こうのとり／きく／きぼう。ジャンルは当方の判断,https://x.com/Chishikikentei/status/1358924639783686148
公式X,例題,728,2021-02-10,第3回,芸術,童謡『手のひらを太陽に』を作詞した人物は誰か。,やなせたかし,,選択肢：やなせたかし／谷川俊太郎／草野心平／サトウハチロー。ジャンルは当方の判断,https://x.com/Chishikikentei/status/1359285096189071361
公式X,例題,729,2021-02-12,第3回,政治・経済,次のうち、「生産の三要素」に含まれないのはどれか。,時間,,選択肢：資本／土地／時間／労働。ジャンルは当方の判断,https://x.com/Chishikikentei/status/1360005539749527556
公式X,例題,730,2021-02-15,第3回,政治・経済,郵政民営化を推し進め、郵政解散を行った総理大臣は誰か。,小泉純一郎,,選択肢：小渕恵三／森喜朗／小泉純一郎／安倍晋三。ジャンルは当方の判断,https://x.com/Chishikikentei/status/1361099092970012674
公式X,例題,731,2021-02-16,第3回,自然科学,「藤田スケール」とはどんな気象現象を評定する単位か。,竜巻,,選択肢：竜巻／高波／暴風雨／降雪。ジャンルは当方の判断,https://x.com/Chishikikentei/status/1361456171660419073
公式X,例題,732,2021-02-17,第3回,ことば,「トレードオフ」の意味として適切なのはどれか。,二律背反,,選択肢：一石二鳥／一長一短／表裏一体／二律背反。ジャンルは当方の判断,https://x.com/Chishikikentei/status/1361824006232371200
公式X,例題,733,2021-02-18,第3回,ことば,次のうち「そよぐ」と読むのはどれか。,戦ぐ,,選択肢：洗ぐ／殺ぐ／惚ぐ／戦ぐ。ジャンルは当方の判断,https://x.com/Chishikikentei/status/1362173381085290496
公式X,例題,734,2021-02-19,第3回,スポーツ,男子100m走の日本記録をもつ選手は誰か。,サニブラウン・ハキーム,○,選択肢：ケンブリッジ飛鳥／桐生祥秀／山縣亮太／サニブラウン・ハキーム。ジャンルは当方の判断,https://x.com/Chishikikentei/status/1362551098284777472
公式X,例題,735,2021-02-22,第3回,社会,MBAとは何の修士課程を修了すると得られる学位か。,経営学,,選択肢：法学／経営学／哲学／政治学。正解は当方の判断（正解発表の投稿を確認できず）。ジャンルは当方の判断,https://x.com/Chishikikentei/status/1363633151982018561
公式X,例題,736,2021-02-24,第3回,芸術,ホーミーはどこの国特有の歌唱法か。,モンゴル,,選択肢：ケニア／スイス／ナイジェリア／モンゴル。ジャンルは当方の判断,https://x.com/Chishikikentei/status/1364358233758961666
公式X,例題,737,2021-02-25,第3回,ことば,次の三字熟語のうち、漢字が正しいのはどれか。,泥仕合,,選択肢：泥仕合／今輪際／用心坊／破天候。ジャンルは当方の判断,https://x.com/Chishikikentei/status/1364712885780238336
公式X,例題,738,2021-02-26,第3回,政治・経済,戦後、日本が経済復興を遂げる最初の特需をもたらした出来事は何か。,朝鮮戦争,,選択肢：東京オリンピック／大阪万博／朝鮮戦争／国際連盟加盟。正解は当方の判断（正解発表の投稿を確認できず）。ジャンルは当方の判断,https://x.com/Chishikikentei/status/1365084438439206914
公式X,例題,739,2021-03-01,第4回,地理・歴史,福井県鯖江市が国内生産量シェアの90％以上を占めるものは次のどれか。,メガネフレーム,,選択肢：ピアノ／たんす／刃物／メガネフレーム。ジャンルは当方の判断。再出題：2022-03-10,https://x.com/Chishikikentei/status/1366172864706093056
公式X,例題,740,2021-03-02,第4回,国際,北朝鮮で朝鮮労働党第1副部長を務める、女性政治家は誰か。,金与正,○,選択肢：金与正／金正恩／崔龍海／金正哲。ジャンルは当方の判断,https://x.com/Chishikikentei/status/1366531488183767045
公式X,例題,741,2021-03-03,第4回,社会,ローリングストックに関連が深いのは次のどれか。,防災,,選択肢：介護／投資／防災／教育。ジャンルは当方の判断,https://x.com/Chishikikentei/status/1366885414317907969
公式X,例題,742,2021-03-04,第4回,自然科学,「振り子の等時性」を発見した物理学者は誰か。,ガリレオ,,選択肢：パスカル／ニュートン／アルキメデス／ガリレオ。ジャンルは当方の判断,https://x.com/Chishikikentei/status/1367259689143078913
公式X,例題,743,2021-03-05,第4回,芸術,次のオペラのうち、日本が主な舞台となっているのはどれか。,マダム・バタフライ,,選択肢：トゥーランドット／ラ・ボエーム／マダム・バタフライ／トスカ。ジャンルは当方の判断。再出題：2022-01-27,https://x.com/Chishikikentei/status/1367618334032752640
公式X,例題,744,2021-03-08,第4回,スポーツ,2021年のサッカーＪリーグで、Ｊ1でプレーするクラブ数はいくつか。,20クラブ,○,選択肢：16クラブ／18クラブ／20クラブ／22クラブ。正解は当方の判断（正解発表の投稿を確認できず）。ジャンルは当方の判断。問題文の年は公式が「2021年」の誤りと認めた,https://x.com/Chishikikentei/status/1368706951920513024
公式X,例題,745,2021-03-09,第4回,地理・歴史,天保の改革を強行するも、反発を受けて失脚した江戸幕府の老中は誰か。,水野忠邦,,選択肢：田沼意次／松平定信／水野忠邦／安藤信正。ジャンルは当方の判断。再出題：2022-02-17,https://x.com/Chishikikentei/status/1369069629549637633
公式X,例題,746,2021-03-10,第4回,政治・経済,選挙時に立候補者が供託金を支払う主な目的は何か。,泡沫候補乱立の防止,,選択肢：選挙にかかる用の徴収／泡沫候補乱立の防止／立候補税の徴収／資金力のない候補者の排除。ジャンルは当方の判断。再出題：2021-05-14,https://x.com/Chishikikentei/status/1369433429377441796
公式X,例題,747,2021-03-11,第4回,自然科学,地球と生物が相互に影響しあい、地球に自己調節システムが備わっているという考えを何というか。,ガイア理論,,選択肢：ファジー理論／ゲーム理論／ドミノ理論／ガイア理論。ジャンルは当方の判断。再出題：2021-07-14,https://x.com/Chishikikentei/status/1369795938848370691
公式X,例題,748,2021-03-12,第4回,ことば,「逡巡する」の意味は次のどれか。,決断できない,,選択肢：決断できない／さまよう／人と出くわす／思いをはせる。ジャンルは当方の判断。再出題：2022-01-31,https://x.com/Chishikikentei/status/1370152574884536322
公式X,例題,749,2021-03-15,第4回,社会,ギグワーカーとはどのような労働者か。,単発で仕事を請け負う,,選択肢：IT関連の業務を行う／オフィスを持たない／単発で仕事を請け負う／所得が低い。ジャンルは当方の判断,https://x.com/Chishikikentei/status/1371230847743840258
公式X,例題,750,2021-03-16,第4回,政治・経済,次のうち、累進課税制度が採用されているのはどれか。,相続税,,選択肢：自動車税／住民税／消費税／相続税。ジャンルは当方の判断,https://x.com/Chishikikentei/status/1371606755378044931
公式X,例題,751,2021-03-17,第4回,芸術,日本の国立西洋美術館を設計したのは誰か。,ル・コルビュジエ,,選択肢：ル・コルビュジエ／コンドル／ライト／タフト。ジャンルは当方の判断,https://x.com/Chishikikentei/status/1371955240501604352
公式X,例題,752,2021-03-18,第4回,芸術,オルコットの小説『若草物語』の背景として描かれている戦争は何か。,南北戦争,,選択肢：アメリカ独立戦争／南北戦争／第一次世界大戦／第二次世界大戦。正解は当方の判断（正解発表の投稿を確認できず）。ジャンルは当方の判断,https://x.com/Chishikikentei/status/1372333915134775296
公式X,例題,753,2021-03-19,第4回,自然科学,「エラトステネスのふるい」は何を選別する方法か。,素数,,選択肢：虚数／素数／完全数／最小公倍数。ジャンルは当方の判断。再出題：2021-04-30,https://x.com/Chishikikentei/status/1372688870991486979
公式X,例題,754,2021-03-22,第4回,政治・経済,時価総額で世界一の自動車会社はどこか（2020年末）。,テスラ,○,選択肢：トヨタ／テスラ／GM／ダイムラー。ジャンルは当方の判断,https://x.com/Chishikikentei/status/1373778254989914112
公式X,例題,755,2021-03-23,第4回,ことば,「鈴を張ったような」とは、何を形容する言葉か。,目,,選択肢：目／口／指／声。ジャンルは当方の判断,https://x.com/Chishikikentei/status/1374143009386733572
公式X,例題,756,2021-03-24,第4回,カルチャー,次のジャニーズのグループのうち、9人組はどれか。,Snow Man,○,選択肢：SixTONES／Snow Man／King & Prince／なにわ男子。ジャンルは当方の判断,https://x.com/Chishikikentei/status/1374502164559667200
公式X,例題,757,2021-03-25,第4回,政治・経済,国民所得倍増計画を閣議決定した時の内閣総理大臣は誰か。,池田勇人,,選択肢：池田勇人／吉田茂／岸信介／佐藤栄作。ジャンルは当方の判断,https://x.com/Chishikikentei/status/1374866965290868739
公式X,例題,758,2021-03-26,第4回,生活,次のうち、手綱切りが用いられる食材はどれか。,コンニャク,,選択肢：コンニャク／レンコン／とうふ／アボカド。ジャンルは当方の判断,https://x.com/Chishikikentei/status/1375232460624027651
公式X,例題,759,2021-03-29,第4回,ことば,休業ほしょう給付の「ほしょう」の正しい漢字はどれか。,補償,,選択肢：保障／保証／補償／補証。正解は当方の判断（正解発表の投稿を確認できず）。ジャンルは当方の判断,https://x.com/Chishikikentei/status/1376328313837289472
公式X,例題,760,2021-03-30,第4回,カルチャー,埼玉県飯能市にあるテーマパークのモチーフとなっているキャラクターは何か。,ムーミン,,選択肢：ミッフィー／きかんしゃトーマス／ハリー・ポッター／ムーミン。ジャンルは当方の判断,https://x.com/Chishikikentei/status/1376680829569601540
公式X,例題,761,2021-03-31,第4回,地理・歴史,一遍が開いた、踊念仏で知られる仏教の一派は何か。,時宗,,選択肢：律宗／黄檗宗／時宗／天台宗。ジャンルは当方の判断,https://x.com/Chishikikentei/status/1377034579811266563
公式X,例題,762,2021-04-01,第4回,自然科学,血中脂質の一種、悪玉コレステロールをアルファベット3文字で何コレステロールというか。,LDL,,選択肢：LDL／LDH／HDL／HDH。ジャンルは当方の判断,https://x.com/Chishikikentei/status/1377399922907959298
公式X,例題,763,2021-04-02,第4回,カルチャー,安田顕や大泉洋が所属している演劇ユニットは何か。,TEAM NACS,,選択肢：ヨーロッパ企画／TEAM NACS／劇団4ドル50セント／NODA MAP。ジャンルは当方の判断,https://x.com/Chishikikentei/status/1377759542541357058
公式X,例題,764,2021-04-05,第4回,政治・経済,昨年5月に発足した航空自衛隊の宇宙作戦隊の主な任務は次のどれか。,スペースデブリから人工衛星を守る,○,選択肢：月の資源を開発する／スペースデブリから人工衛星を守る／太陽光発電の研究を推進する／宇宙飛行士を育成する。正解は当方の判断（正解発表の投稿を確認できず）。ジャンルは当方の判断,https://x.com/Chishikikentei/status/1378855068061945856
公式X,例題,765,2021-04-06,第4回,国際,EU（欧州連合）の創設が規定された1993年発効の条約は何か。,マーストリヒト条約,,選択肢：ブリュッセル条約／リスボン条約／ニース条約／マーストリヒト条約。ジャンルは当方の判断,https://x.com/Chishikikentei/status/1379208070820032514
公式X,例題,766,2021-04-07,第4回,生活,次のうち、表面にみられるけば立った縦うねが特徴的な生地はどれか。,コーデュロイ,,選択肢：ブロード／フランネル／サテン／コーデュロイ。ジャンルは当方の判断。再出題：2022-04-26,https://x.com/Chishikikentei/status/1379576797554110467
公式X,例題,767,2021-04-08,第4回,地理・歴史,小説『ビルマの竪琴』のビルマとは現在のどこの国か。,ミャンマー,,選択肢：ミャンマー／バングラデシュ／カンボジア／ラオス。ジャンルは当方の判断,https://x.com/Chishikikentei/status/1379945937678737408
公式X,例題,768,2021-04-09,第4回,ことば,次の四字熟語のうち、古代中国の国名が含まれているのはどれか。,四面楚歌,,選択肢：南蛮北狄／臥薪嘗胆／四面楚歌／乾坤一擲。ジャンルは当方の判断,https://x.com/Chishikikentei/status/1380296762267631616
公式X,例題,769,2021-04-12,第4回,政治・経済,経済でトリクルダウンを説明する際にたとえられることが多い、イベントの演出は何か。,シャンパンタワー,,選択肢：シャンパンタワー／酒樽の鏡割り／キャンドルサービス／テープカット。ジャンルは当方の判断,https://x.com/Chishikikentei/status/1381393406207741952
公式X,例題,770,2021-04-13,第4回,社会,ビジネスなどで注目される能力「グリット」の意味は何か。,やり抜く能力,,選択肢：協力する能力／発想を飛躍させる能力／先を見通す能力／やり抜く能力。正解は当方の判断（正解発表の投稿を確認できず）。ジャンルは当方の判断,https://x.com/Chishikikentei/status/1381752058521378818
公式X,例題,771,2021-04-14,第4回,国際,イスラエルで、日本をはじめ多くの国が大使館を置いている都市はどこか。,テルアビブ,,選択肢：ナザレ／テルアビブ／ハイファ／エルサレム。ジャンルは当方の判断,https://x.com/Chishikikentei/status/1382103253400244224
公式X,例題,772,2021-04-15,第4回,生活,ファイルフォーマットとその拡張子の組み合わせで、次のうち間違っているのはどれか。,gif-動画,,選択肢：txt-文章／mp3-音声／png-画像／gif-動画。ジャンルは当方の判断,https://x.com/Chishikikentei/status/1382475975003316224
公式X,例題,773,2021-04-16,第4回,自然科学,電化製品につけられているインバーターとは、どんな役割をもつ装置か。,直流を交流に変換する,,選択肢：直流を交流に変換する／電流の流れを一方向にする／抵抗値を下げる／電圧を最適化する。ジャンルは当方の判断,https://x.com/Chishikikentei/status/1382831135072210948
公式X,例題,774,2021-04-19,第4回,スポーツ,男子のサムライJAPAN、女子のさくらJAPANは何の競技の日本代表の愛称か。,ホッケー,,選択肢：サッカー／ホッケー／バレーボール／ハンドボール。ジャンルは当方の判断,https://x.com/Chishikikentei/status/1383928985474670600
公式X,例題,775,2021-04-20,第4回,カルチャー,映画界において、フィルムコミッションが果たす役割は次のどれか。,撮影場所の誘致,,選択肢：フィルムの再生・保存／撮影技術の開発／映画祭への出品／撮影場所の誘致。ジャンルは当方の判断,https://x.com/Chishikikentei/status/1384287614677569543
公式X,例題,776,2021-04-21,第4回,カルチャー,TikTokから話題となった曲『ポケットからきゅんです！』を歌っている歌手は誰か。,ひらめ,○,選択肢：ひらめ／Rin音／りりあ。／まつり。ジャンルは当方の判断,https://x.com/Chishikikentei/status/1384639854923849728
公式X,例題,777,2021-04-22,第4回,ことば,四字熟語「呉越同舟」の意味として適切なのはどれか。,仲の悪いもの同士が行動を共にする,,選択肢：夫婦が生涯一緒に過ごす／仲の悪いもの同士が行動を共にする／兄弟が仲たがいする／親から子に技術が受け継がれる。ジャンルは当方の判断,https://x.com/Chishikikentei/status/1385014494972182529
公式X,例題,778,2021-04-23,第4回,地理・歴史,国際連盟の本部が置かれていた都市はどこか。,ジュネーブ,,選択肢：パリ／ロンドン／ニューヨーク／ジュネーブ。正解は当方の判断（正解発表の投稿を確認できず）。ジャンルは当方の判断,https://x.com/Chishikikentei/status/1385360250123952130
公式X,例題,779,2021-04-26,第4回,政治・経済,政府がすべての国民に対し所得保障として一定の金額を定期的に支給する制度を何というか。,ベーシックインカム,,選択肢：インカムゲイン／ベーシックインカム／マネタリーベース／マネーサプライ。ジャンルは当方の判断,https://x.com/Chishikikentei/status/1386464364543107074
公式X,例題,780,2021-04-27,第4回,社会,LRTとは次世代型の何の乗り物か。,路面電車,,選択肢：飛行機／高速バス／自転車／路面電車。ジャンルは当方の判断,https://x.com/Chishikikentei/status/1386824683635412994
公式X,例題,781,2021-04-28,第4回,地理・歴史,次のうち、もっとも古い出来事はどれか。,天安門事件,,選択肢：湾岸戦争／東西ドイツ統一／天安門事件／ソビエト連邦崩壊。ジャンルは当方の判断。再出題：2022-02-04,https://x.com/Chishikikentei/status/1387185900426194944
公式X,例題,782,2021-05-06,第4回,生活,次の長寿のお祝いのうち、もっとも年齢が高いのはどれか。,卒寿,,選択肢：米寿／喜寿／卒寿／傘寿。ジャンルは当方の判断,https://x.com/Chishikikentei/status/1390078857600913409
公式X,例題,783,2021-05-07,第4回,スポーツ,男子は中垣内祐一、女子は中田久美が日本代表監督を務める球技は何か。,バレーボール,○,選択肢：バスケットボール／バレーボール／ハンドボール／サッカー。ジャンルは当方の判断,https://x.com/Chishikikentei/status/1390439011311779840
公式X,例題,784,2021-05-10,第4回,カルチャー,映画『千と千尋の神隠し』など、多くのジブリ作品の音楽を作曲した音楽家は誰か。,久石譲,,選択肢：千住明／三枝成彰／久石譲／坂本龍一。正解は当方の判断（正解発表の投稿を確認できず）。ジャンルは当方の判断,https://x.com/Chishikikentei/status/1391541644822913026
公式X,例題,785,2021-05-11,第4回,カルチャー,YouTubeでも活動する香川愛生は何のプロか。,将棋,,選択肢：ゴルフ／将棋／囲碁／e-スポーツ。ジャンルは当方の判断。再出題：2022-02-14,https://x.com/Chishikikentei/status/1391886328279683074
公式X,例題,786,2021-05-13,第4回,地理・歴史,『忠臣蔵』で知られる赤穂藩があった旧国はどこか。,播磨国,,選択肢：播磨国／筑前国／飛騨国／摂津国。ジャンルは当方の判断,https://x.com/Chishikikentei/status/1392627230312833028
公式X,例題,787,2021-05-17,第4回,社会,「送りつけ商法」とも呼ばれる悪質商法を何というか。,ネガティブオプション,,選択肢：マルチ／ネガティブオプション／アフィリエイト／ドロップシッピング。ジャンルは当方の判断,https://x.com/Chishikikentei/status/1394073560637837313
公式X,例題,788,2021-05-18,第4回,国際,現在の政治体制を第五共和制という国はどこか。,フランス,,選択肢：イギリス／ドイツ／ギリシャ／フランス。ジャンルは当方の判断,https://x.com/Chishikikentei/status/1394424096285335554
公式X,例題,789,2021-05-19,第4回,自然科学,紙や燃料の原料となるバガスとは何の絞りかすか。,サトウキビ,,選択肢：トウモロコシ／ナタネ／ダイズ／サトウキビ。ジャンルは当方の判断,https://x.com/Chishikikentei/status/1394789271366606848
公式X,例題,790,2021-05-20,第4回,生活,「猫バンバン」を行うのは次のどのときか。,車に乗るとき,,選択肢：布団を干すとき／車に乗るとき／電話をかけるとき／料理をするとき。ジャンルは当方の判断,https://x.com/Chishikikentei/status/1395161539959672834
公式X,例題,791,2021-05-21,第4回,スポーツ,次のうち、フィギュアスケートの「四大陸選手権」の四大陸に含まれないのはどこか。,ヨーロッパ,,選択肢：アメリカ／アフリカ／ヨーロッパ／オーストラリア。ジャンルは当方の判断,https://x.com/Chishikikentei/status/1395512406822952963
公式X,例題,792,2021-05-24,第4回,芸術,代表作『プレダの開城』で知られるベラスケスは、どこの国の画家か。,スペイン,,選択肢：フランス／オランダ／イタリア／スペイン。ジャンルは当方の判断,https://x.com/Chishikikentei/status/1396614040076443655
公式X,例題,793,2021-05-25,第4回,カルチャー,ゲーム『ゴースト・オブ・ツシマ』の題材になっている歴史上の出来事は何か。,元寇,,選択肢：戊辰戦争／応仁の乱／元寇／源平合戦。ジャンルは当方の判断,https://x.com/Chishikikentei/status/1396957973713354752
公式X,例題,794,2021-05-26,第4回,ことば,「岳父」とは誰のことか。,妻の父,,選択肢：自分の父／妻の父／自分の祖父／妻の祖父。ジャンルは当方の判断,https://x.com/Chishikikentei/status/1397324532512280576
公式X,例題,795,2021-05-27,第4回,地理・歴史,レコンキスタとはキリスト教徒がどこを奪還しようとした運動か。,イベリア半島,,選択肢：イベリア半島／バルカン半島／スカンジナビア半島／クリミア半島。ジャンルは当方の判断,https://x.com/Chishikikentei/status/1397701295771815939
公式X,例題,796,2021-05-28,第4回,政治・経済,国会で、衆議院の優越が認められている理由は何か。,より民意を反映している,,選択肢：会期が長い／歴史が長い／より民意を反映している／人数が多い。ジャンルは当方の判断,https://x.com/Chishikikentei/status/1398052498473033730
公式X,例題,797,2021-05-31,第4回,社会,マーケティング用語の「6ポケット」で、6つのポケットから恩恵を受けるのは誰か。,子ども,,選択肢：主婦／高齢者／子ども／外国人旅行者。ジャンルは当方の判断,https://x.com/Chishikikentei/status/1399146210951192576
公式X,例題,798,2021-06-01,第4回,政治・経済,次のうち、「レイムダックの大統領」の説明でもっとも適切なのはどれか。,退任間際で影響力がない,,選択肢：軍隊をバックに強硬姿勢をとる／国会で自身の政党が野党にある／大国の傀儡状態にある／退任間際で影響力がない。ジャンルは当方の判断,https://x.com/Chishikikentei/status/1399493370674749443
公式X,例題,799,2021-06-02,第4回,自然科学,結核菌やコレラ菌を発見した細菌学者は誰か。,コッホ,,選択肢：コッホ／パスツール／ジェンナー／フレミング。ジャンルは当方の判断,https://x.com/Chishikikentei/status/1399864927825760258
公式X,例題,800,2021-06-03,第4回,生活,関さば、関あじは何県のブランド魚か。,大分県,,選択肢：山形県／静岡県／高知県／大分県。ジャンルは当方の判断,https://x.com/Chishikikentei/status/1400236028519018497
公式X,例題,801,2021-06-04,第4回,スポーツ,テニスの四大大会のうち、土のコートで行われるのはどれか。,全仏オープン,,選択肢：全仏オープン／全米オープン／全豪オープン／全英オープン。ジャンルは当方の判断。再出題：2022-12-28,https://x.com/Chishikikentei/status/1400585347939987456
公式X,例題,802,2021-06-07,第4回,芸術,牛田智大、清塚信也は何の楽器の演奏家か。,ピアノ,○,選択肢：ヴァイオリン／フルート／ピアノ／チェロ。正解は当方の判断（正解発表の投稿を確認できず）。ジャンルは当方の判断,https://x.com/Chishikikentei/status/1401685061548736516
公式X,例題,803,2021-06-08,第4回,カルチャー,常田大希と井口理のツインボーカルの音楽グループは何か。,King Gnu,○,選択肢：Official髭男dism／back number／King Gnu／UVERworld。ジャンルは当方の判断,https://x.com/Chishikikentei/status/1402036728345423874
公式X,例題,804,2021-06-09,第4回,ことば,「敷島の道」とは何の道のことか。,和歌,,選択肢：陶芸／剣道／生け花／和歌。ジャンルは当方の判断,https://x.com/Chishikikentei/status/1402408491688468480
公式X,例題,805,2021-06-10,第4回,地理・歴史,「負の世界遺産」とは、どのような世界遺産のことか。,人間の過去の過ちを伝える,,選択肢：より重要な保護を必要とする／人間の過去の過ちを伝える／維持に莫大な費用がかかる／周辺住民が世界遺産の取消を求めている。正解は当方の判断（正解発表の投稿を確認できず）。ジャンルは当方の判断,https://x.com/Chishikikentei/status/1402770684359548929
公式X,例題,806,2021-06-11,第4回,政治・経済,2009年から2012年の民主党政権下で誕生した総理大臣は何人か。,3人,,選択肢：2人／3人／4人／5人。ジャンルは当方の判断,https://x.com/Chishikikentei/status/1403131279197949953
公式X,例題,807,2021-06-14,第4回,社会,企業のCFOは最高○○責任者のこと。○○は何か。,財務,,選択肢：技術／経営／執行／財務。ジャンルは当方の判断,https://x.com/Chishikikentei/status/1404221381210820619
公式X,例題,808,2021-06-15,第4回,国際,世界的な製薬会社のロシュやノバルティスはどこの国の企業か。,スイス,,選択肢：ドイツ／アメリカ／スイス／フランス。ジャンルは当方の判断,https://x.com/Chishikikentei/status/1404583552830754819
公式X,例題,809,2021-06-16,第4回,自然科学,次のうち、裸子植物に分類されるのはどれか。,イチョウ,,選択肢：エンドウ／サクラ／アブラナ／イチョウ。ジャンルは当方の判断,https://x.com/Chishikikentei/status/1404935688336773122
公式X,例題,810,2021-06-17,第4回,生活,日本料理で「淡雪」とは何の食材を使う料理か。,卵白,,選択肢：卵白／はんぺん／湯葉／大根。ジャンルは当方の判断。再出題：2021-09-14,https://x.com/Chishikikentei/status/1405296832486334464
公式X,例題,811,2021-06-18,第4回,スポーツ,男子プロゴルフの4大大会で、単に「THE OPEN」と呼ばれるのは何か。,全英オープン,,選択肢：全米オープン／全英オープン／全米プロ／マスターズ。ジャンルは当方の判断,https://x.com/Chishikikentei/status/1405658500848447493
公式X,例題,812,2021-06-21,第4回,芸術,『荒城の月』の作曲者は誰か。,滝廉太郎,,選択肢：山田耕作／弘田龍太郎／中山晋平／滝廉太郎。ジャンルは当方の判断,https://x.com/Chishikikentei/status/1406742348030103555
公式X,例題,813,2021-06-22,第4回,ことば,SNSなどで「出羽守」と呼ばれるのはどのような人か。,外国を賞賛する,,選択肢：外国を賞賛する／政治に無関心／過去の栄光にすがる／極端に倹約する。ジャンルは当方の判断,https://x.com/Chishikikentei/status/1407119417918464005
公式X,例題,814,2021-06-23,第4回,ことば,次のうち「いみじくも」の同義語はどれか。,適切に,,選択肢：仮に／適切に／次第に／意外に。ジャンルは当方の判断,https://x.com/Chishikikentei/status/1407464453067579392
公式X,例題,815,2021-06-24,第4回,地理・歴史,益子焼はどこの都道府県の特産品か。,栃木県,,選択肢：栃木県／群馬県／茨城県／埼玉県。ジャンルは当方の判断,https://x.com/Chishikikentei/status/1407831367400923138
公式X,例題,816,2021-06-25,第4回,政治・経済,小選挙区制度について、次のうち間違っているのはどれか。,政権が不安定になる,,選択肢：死票が増える／大政党に有利になる／政権が不安定になる／選挙費用が抑えられる。ジャンルは当方の判断,https://x.com/Chishikikentei/status/1408216139511975936
公式X,例題,817,2021-06-28,第4回,社会,「デジタルタトゥー」とはどのような意味か。,ネット上の情報の削除が難しいこと,,選択肢：ネット上の情報が改ざんされやすいこと／ネットへの投稿者が追跡できること／ネット上の情報の削除が難しいこと／なりすました人物がネット上に情報を投稿すること。ジャンルは当方の判断,https://x.com/Chishikikentei/status/1409293600341446661
公式X,例題,818,2021-06-29,第4回,社会,2030年までに世界で達成すべき17のゴールが定められているSDGｓとは、「○○○○な開発目標」のこと。○○○○は何か。,持続可能,,選択肢：世界共通／恒久活動／持続可能／次世代的。ジャンルは当方の判断,https://x.com/Chishikikentei/status/1409646485549981700
公式X,例題,819,2021-06-30,第4回,自然科学,元素の周期律を発見した科学者は誰か。,メンデレーエフ,,選択肢：ローレンス／フェルミ／ラザフォード／メンデレーエフ。ジャンルは当方の判断,https://x.com/Chishikikentei/status/1410002126407757824
公式X,例題,820,2021-07-01,第4回,生活,六曜で一般に葬式が避けられるのはいつか。,友引,,選択肢：大安／友引／先負／仏滅。ジャンルは当方の判断,https://x.com/Chishikikentei/status/1410382466687270913
公式X,例題,821,2021-07-02,第4回,スポーツ,バレーボールのリベロの主な役割は何か。,レシーブをする,,選択肢：サーブを打つ／ブロックをする／レシーブをする／スパイクを打つ。ジャンルは当方の判断,https://x.com/Chishikikentei/status/1410734396483637253
公式X,例題,822,2021-07-05,第4回,芸術,芸術に関する総合的な学校、バウハウスがあった国はどこか。,ドイツ,,選択肢：ドイツ／スイス／イギリス／イタリア。ジャンルは当方の判断,https://x.com/Chishikikentei/status/1411817953117368320
公式X,例題,823,2021-07-06,第4回,カルチャー,ハラミちゃんが演奏する楽器は何か。,ピアノ,○,選択肢：ピアノ／ギター／ヴァイオリン／フルート。ジャンルは当方の判断,https://x.com/Chishikikentei/status/1412195407287885825
公式X,例題,824,2021-07-07,第4回,ことば,次のうち、「薄紙を剥ぐよう」の適切な表現はどれか。,薄紙を剥ぐように元気になった,,選択肢：薄紙を剥ぐように貧しくなった／薄紙を剥ぐように痩せていった／薄紙を剥ぐように元気になった／薄紙を剥ぐように真相に近づいた。ジャンルは当方の判断,https://x.com/Chishikikentei/status/1412543128188321794
公式X,例題,825,2021-07-08,第4回,地理・歴史,15世紀のイギリスで起こった薔薇戦争で争った2つの家とは、ヨーク家と何家か。,ランカスター家,,選択肢：ランカスター家／テューダー家／プランタジネット家／スチュアート家。ジャンルは当方の判断,https://x.com/Chishikikentei/status/1412929099023065090
公式X,例題,826,2021-07-09,第4回,政治・経済,玉木雄一郎が代表を務める政党は何か。,国民民主党,○,選択肢：日本維新の会／立憲民主党／国民民主党／日本共産党。ジャンルは当方の判断,https://x.com/Chishikikentei/status/1413282285638471682
公式X,例題,827,2021-07-12,第4回,社会,バイトテロとはアルバイト従業員によるどのような行為か。,不適切行為をSNSにアップする,,選択肢：不正に賃金を割り増しする／不適切行為をSNSにアップする／無関係な友人などに割引を流用する／当日欠勤を繰り返す。ジャンルは当方の判断,https://x.com/Chishikikentei/status/1414369155873001475
公式X,例題,828,2021-07-13,第4回,国際,中華人民共和国が建国されたことを記念した中国の祝日「国慶節」は何月何日か。,10月1日,,選択肢：2月1日／4月1日／7月1日／10月1日。ジャンルは当方の判断,https://x.com/Chishikikentei/status/1414724226884374531
公式X,例題,829,2021-07-16,第4回,スポーツ,次のうち、大相撲の三賞にないのはどれか。,奨励賞,,選択肢：技能賞／敢闘賞／奨励賞／殊勲賞。ジャンルは当方の判断,https://x.com/Chishikikentei/status/1415842284126359555
公式X,例題,830,2021-07-19,第4回,芸術,「ブルーフルーテッド」に代表される青色の絵付けで有名な陶磁器ブランドは何か。,ロイヤルコペンハーゲン,,選択肢：ロイヤルコペンハーゲン／リチャードジノリ／ウェッジウッド／ミントン。ジャンルは当方の判断,https://x.com/Chishikikentei/status/1416905626471469056
公式X,例題,831,2021-07-20,第4回,カルチャー,ピアニストの永藤まなが、まなまる名義でYouTuberとして弾き語りを行う際に、主にモノマネを行うキャラクターは何か。,クレヨンしんちゃん,○,選択肢：ドラえもん／クレヨンしんちゃん／アンパンマン／名探偵コナン。ジャンルは当方の判断,https://x.com/Chishikikentei/status/1417251854275158021
公式X,例題,832,2021-07-21,第4回,ことば,画竜点睛の「睛」とは何のことか。,瞳,,選択肢：足／シッポ／ひげ／瞳。ジャンルは当方の判断,https://x.com/Chishikikentei/status/1417597701500198913
公式X,例題,833,2021-07-26,第4回,地理・歴史,ハラッパー、モヘンジョダロは何文明の遺跡か。,インダス文明,,選択肢：インダス文明／メソポタミア文明／エジプト文明／黄河文明。正解は当方の判断（正解発表の投稿を確認できず）。ジャンルは当方の判断,https://x.com/Chishikikentei/status/1419441718148014081
公式X,例題,834,2021-07-27,第4回,政治・経済,地方自治体の選挙において、「相乗り候補」とはどのような立候補者のことか。,複数政党の推薦を受けた立候補者,,選択肢：当選する見込みのない候補者／地元ではない選挙区で出馬した立候補者／複数の選挙に同時に出馬した立候補者／複数政党の推薦を受けた立候補者。ジャンルは当方の判断,https://x.com/Chishikikentei/status/1419787142469881859
公式X,例題,835,2021-07-28,第4回,社会,「ワーケーション」とはどのようなことか。,旅行先で働くこと,,選択肢：移動しながら会議すること／大学に通いながら働くこと／旅行先で働くこと／長期の休暇を取ること。ジャンルは当方の判断,https://x.com/Chishikikentei/status/1420145777226051586
公式X,例題,836,2021-07-29,第4回,国際,イスラム教の聖地のひとつ、メッカがある国はどこか。,サウジアラビア,,選択肢：イラン／エジプト／サウジアラビア／イラク。ジャンルは当方の判断。再出題：2021-09-28,https://x.com/Chishikikentei/status/1420525668123561987
公式X,例題,837,2021-07-30,第4回,自然科学,次のうち、O型の子どもが生まれる可能性が基本的にない親の血液型の組み合せはどれか。,O型×AB型,,選択肢：O型×B型／A型×A型／A型×B型／O型×AB型。ジャンルは当方の判断,https://x.com/Chishikikentei/status/1420879664151552002
公式X,例題,838,2021-08-02,第4回,生活,裁縫道具でリッパーとは何を行う道具か。,糸を切る,,選択肢：糸を切る／印をつける／紐を通す／布を仮止めする。ジャンルは当方の判断,https://x.com/Chishikikentei/status/1421978621980266496
公式X,例題,839,2021-08-03,第4回,スポーツ,オーガスタ・ナショナル・ゴルフクラブで開催される男子ゴルフの四大大会は何か。,マスターズ,,選択肢：マスターズ／全米オープン／全米プロ／全英オープン。ジャンルは当方の判断,https://x.com/Chishikikentei/status/1422328449922781185
公式X,例題,840,2021-08-04,第4回,芸術,代表作『ティファニーで朝食を』『冷血』で知られるアメリカの作家は誰か。,カポーティ,,選択肢：サフォー／カポーティ／バーマン／ギルバート。ジャンルは当方の判断,https://x.com/Chishikikentei/status/1422686509535096834
公式X,例題,841,2021-08-05,第4回,カルチャー,ヒップホップ用語で「レペゼン」とは何という意味か。,代表する,,選択肢：先導する／敵対する／尊敬する／代表する。ジャンルは当方の判断,https://x.com/Chishikikentei/status/1423066984619540486
公式X,例題,842,2021-08-06,第4回,ことば,次のことわざのうち、○の中に動物の名前が入らないのはどれか。,雨垂れ○を穿つ,,選択肢：○の尻笑い／雨垂れ○を穿つ／天高く○肥ゆる秋／取らぬ○の皮算用。ジャンルは当方の判断,https://x.com/Chishikikentei/status/1423409413776236548
公式X,例題,843,2021-08-10,第4回,地理・歴史,1689年に結ばれた、ロシアと清の国境を画定した条約は何か。,ネルチンスク条約,,選択肢：南京条約／キャフタ条約／ネルチンスク条約／天津条約。ジャンルは当方の判断。再出題：2022-04-04,https://x.com/Chishikikentei/status/1424860119125291008
公式X,例題,844,2021-08-11,第4回,政治・経済,貿易の方式で、為替による差額決済を行わずに物々交換で行うものを何というか。,バーター貿易,,選択肢：バーター貿易／中継貿易／加工貿易／三角貿易。ジャンルは当方の判断,https://x.com/Chishikikentei/status/1425223694205394951
公式X,例題,845,2021-08-12,第4回,社会,日本で子どもが生まれたとき、出生届は何日以内に提出しなければならないか。,14日,,選択肢：7日／10日／14日／20日。ジャンルは当方の判断,https://x.com/Chishikikentei/status/1425601302155849733
公式X,例題,846,2021-08-13,第4回,カルチャー,中国のバイトダンス社が運営するSNSは何か。,TikTok,,選択肢：Weibo／Snapchat／TikTok／カカオトーク。ジャンルは当方の判断。再出題：2021-12-22,https://x.com/Chishikikentei/status/1425949886076252164
公式X,例題,847,2021-08-16,第4回,自然科学,次のうち、棘皮動物はどれか。,ウニ,,選択肢：サザエ／タコ／エビ／ウニ。正解は当方の判断（正解発表の投稿を確認できず）。ジャンルは当方の判断,https://x.com/Chishikikentei/status/1427097427450863630
公式X,例題,848,2021-08-17,第4回,生活,Webサイトの上部などにみられる、利用者が今どこにいるかを視覚的にわかりやすくした誘導表示を何リストというか。,パンくず,,選択肢：カーブ／パンくず／標識／ハンバーガー。ジャンルは当方の判断,https://x.com/Chishikikentei/status/1427410611852353538
公式X,例題,849,2021-08-18,第4回,スポーツ,全日本大学野球選手権決勝が開催される「学生野球の聖地」といわれる野球場はどこか。,神宮球場,,選択肢：メットライフドーム／神宮球場／横浜スタジアム／甲子園球場。ジャンルは当方の判断,https://x.com/Chishikikentei/status/1427797849064960006
公式X,例題,850,2021-08-19,第4回,芸術,ドン・ホセ、エスカミーリョと三角関係になる、オペラのヒロインの名前は何か。,カルメン,,選択肢：サロメ／アイーダ／カルメン／トスカ。ジャンルは当方の判断,https://x.com/Chishikikentei/status/1428171096411435011
公式X,例題,851,2021-08-20,第4回,生活,キャンプ用具で、「タープ」は何をするためのものか。,雨や日差しを遮る,,選択肢：火を起こす／テントを固定する／雨や日差しを遮る／食品を冷やす。ジャンルは当方の判断,https://x.com/Chishikikentei/status/1428528218831671301
公式X,例題,852,2021-08-23,第4回,ことば,四字熟語「論功行賞」の意味するものとして、もっとも適切なのは次のどれか。,見返り,,選択肢：若返り／跳ね返り／寝返り／見返り。ジャンルは当方の判断,https://x.com/Chishikikentei/status/1429651889348513797
公式X,例題,853,2021-08-24,第4回,地理・歴史,汽水湖として日本でもっとも面積が広いのはどこか。,サロマ湖,,選択肢：サロマ湖／宍道湖／浜名湖／霞ケ浦。ジャンルは当方の判断,https://x.com/Chishikikentei/status/1429936686738247736
公式X,例題,854,2021-08-25,第4回,政治・経済,「思いやり予算」とは次の何に関わる国の経費か。,在日米軍,,選択肢：在日米軍／生活保護／国民年金／公共事業。ジャンルは当方の判断,https://x.com/Chishikikentei/status/1430325919713939461
公式X,例題,855,2021-08-26,第4回,社会,「アカウンタビリティ」の訳語として、もっとも適切なのは次のどれか。,説明責任,,選択肢：規制緩和／法令遵守／説明責任／自由競争。ジャンルは当方の判断,https://x.com/Chishikikentei/status/1430677112982179842
公式X,例題,856,2021-08-27,第4回,政治・経済,アメリカの国務長官は日本の何に相当する役職か。,外務大臣,,選択肢：官房長官／外務大臣／衆議院議長／防衛大臣。ジャンルは当方の判断,https://x.com/Chishikikentei/status/1431038368943464448
公式X,例題,857,2021-08-30,第4回,自然科学,性別による受療率に差のある次の疾患のうち、女性に多いのは次どれか。,骨粗しょう症,,選択肢：十二指腸潰瘍／痛風／尿路結石症／骨粗しょう症。ジャンルは当方の判断,https://x.com/Chishikikentei/status/1432123595338051586
公式X,例題,858,2021-08-31,第4回,生活,ジャガイモを長期保存する際、一緒に置いておくと芽が出にくくなる食品は次のうちどれか。,リンゴ,,選択肢：砂糖／米／糠味噌／リンゴ。正解は当方の判断（正解発表の投稿を確認できず）。ジャンルは当方の判断,https://x.com/Chishikikentei/status/1432486509559496704
公式X,例題,859,2021-09-01,第4回,スポーツ,次の競技のうち、パラリンピックで実施されるのはどれか。,ボッチャ,,選択肢：ボッチャ／クロッケー／ペタンク／チュックボール。ジャンルは当方の判断,https://x.com/Chishikikentei/status/1432838448503689222
公式X,例題,860,2021-09-02,第4回,芸術,次の絵画のうち、戦争の被害を伝えたものはどれか。,ゲルニカ,,選択肢：ラス・メニーナス／ゲルニカ／叫び／記憶の固執。ジャンルは当方の判断,https://x.com/Chishikikentei/status/1433215681412014085
公式X,例題,861,2021-09-03,第4回,カルチャー,次の温泉のうち、ラドンを多く含む放射能泉はどれか。,三朝温泉,,選択肢：三朝温泉／伊香保温泉／下呂温泉／道後温泉。ジャンルは当方の判断,https://x.com/Chishikikentei/status/1433563711772389376
公式X,例題,862,2021-09-06,第4回,ことば,「昼行灯」とは、どのような人を表す言葉か。,役に立たない人,,選択肢：面白おかしい人／弱々しい人／役に立たない人／計算高い人。ジャンルは当方の判断,https://x.com/Chishikikentei/status/1434662023011266560
公式X,例題,863,2021-09-07,第4回,地理・歴史,ベトナム戦争について正しいのは次のどれか。,ソ連の支援を受けた北ベトナムが勝利,,選択肢：アメリカの支援を受けた北ベトナムが勝利／ソ連の支援を受けた北ベトナムが勝利／アメリカの支援を受けた南ベトナムが勝利／ソ連の支援を受けた南ベトナムが勝利。ジャンルは当方の判断,https://x.com/Chishikikentei/status/1435005548307509253
公式X,例題,864,2021-09-08,第4回,政治・経済,昭和末期から平成初期にかけての日本の好景気を何というか。,バブル景気,,選択肢：神武景気／岩戸景気／バブル景気／IT景気。ジャンルは当方の判断,https://x.com/Chishikikentei/status/1435375586587779072
公式X,例題,865,2021-09-09,第4回,地理・歴史,「勢衝青天攘臂躋 気穿白雲唾手征」という漢詩を詠んだ人物は誰か。,渋沢栄一,○,選択肢：西郷隆盛／渋沢栄一／小村寿太郎／伊藤博文。ジャンルは当方の判断,https://x.com/Chishikikentei/status/1435732406951022594
公式X,例題,866,2021-09-10,第4回,ことば,「外交上の儀礼」や「条約の議定書」などの意味がある言葉は次のどれか。,プロトコル,,選択肢：マニュフェスト／アグレマン／プロトコル／コンプライアンス。ジャンルは当方の判断,https://x.com/Chishikikentei/status/1436107167438827523
公式X,例題,867,2021-09-13,第4回,自然科学,座標で、xもｙも負の値を示すのは第何象限か。,第3象限,,選択肢：第1象限／第2象限／第3象限／第4象限。ジャンルは当方の判断,https://x.com/Chishikikentei/status/1437198201136713733
公式X,例題,868,2021-09-15,第4回,スポーツ,バスケットボールのシュートで得られる得点は最大で何点か。,3点,,選択肢：1点／2点／3点／4点。ジャンルは当方の判断,https://x.com/Chishikikentei/status/1437911789107220481
公式X,例題,869,2021-09-16,第4回,芸術,『ウィキッド』は何という児童文学の裏話として制作されたミュージカルか。,オズの魔法使い,,選択肢：はてしない物語／ピーター・パン／不思議の国のアリス／オズの魔法使い。正解は当方の判断（正解発表の投稿を確認できず）。ジャンルは当方の判断,https://x.com/Chishikikentei/status/1438287030690009091
公式X,例題,870,2021-09-17,第4回,カルチャー,「adieu」名義で歌手活動をしている女優は誰か。,上白石萌歌,○,選択肢：上白石萌歌／森七菜／今田美桜／吉岡里帆。ジャンルは当方の判断,https://x.com/Chishikikentei/status/1438644168792834048
公式X,例題,871,2021-09-21,第4回,ことば,古語の「やんごとない」の意味は次のどれか。,高貴である,,選択肢：高貴である／暇である／重要な局面／やむを得ない。ジャンルは当方の判断,https://x.com/Chishikikentei/status/1440094959026126854
公式X,例題,872,2021-09-22,第4回,地理・歴史,世界でもっとも長い山脈は何か。,アンデス山脈,,選択肢：アンデス山脈／ウラル山脈／アルプス山脈／ヒマラヤ山脈。ジャンルは当方の判断,https://x.com/Chishikikentei/status/1440462197889462289
公式X,例題,873,2021-09-24,第4回,政治・経済,日本国憲法で、憲法改正に関する国民投票について書かれているのは第何条か。,第96条,,選択肢：第25条／第64条／第76条／第96条。ジャンルは当方の判断。再出題：2022-12-20,https://x.com/Chishikikentei/status/1441177163953180674
公式X,例題,874,2021-09-27,第4回,政治・経済,供託金とは、次の何に関するお金か。,選挙,,選択肢：裁判／法人設立／公共事業入札／選挙。ジャンルは当方の判断,https://x.com/Chishikikentei/status/1442270020076126208
公式X,例題,875,2021-09-29,第4回,自然科学,インスリンを分泌する臓器は何か。,すい臓,,選択肢：すい臓／肝臓／腎臓／脾臓。ジャンルは当方の判断,https://x.com/Chishikikentei/status/1442979592814297096
公式X,例題,876,2021-09-30,第4回,自然科学,人間の軟骨やじん帯に多く存在し、不足すると関節痛や神経痛の原因となる多糖類は何か。,コンドロイチン,,選択肢：コンドロイチン／ユーグレナ／アントシアニン／ルチン。ジャンルは当方の判断,https://x.com/Chishikikentei/status/1443361817426677760
公式X,例題,877,2021-10-01,第4回,スポーツ,次の競技のうち、オリンピックで500mで競われる種目があるのはどれか。,スピードスケート,,選択肢：スピードスケート／クロスカントリー／競歩／競泳。ジャンルは当方の判断,https://x.com/Chishikikentei/status/1443723742018879492
公式X,例題,878,2021-10-04,第4回,芸術,ザネリ、カムパネルラ、ジョバンニなどの人物が登場する宮沢賢治の小説は何か。,銀河鉄道の夜,,選択肢：風の又三郎／注文の多い料理店／銀河鉄道の夜／セロ弾きのゴーシュ。ジャンルは当方の判断,https://x.com/Chishikikentei/status/1444791377888350210
公式X,例題,879,2021-10-05,第4回,カルチャー,「ウサギの島」として知られる瀬戸内海の島はどこか。,大久野島,,選択肢：佐木島／大久野島／生野島／生口島。ジャンルは当方の判断,https://x.com/Chishikikentei/status/1445172881952948228
公式X,例題,880,2021-10-06,第4回,ことば,「心を砕く」の意味として適切なのはどれか。,心配する,,選択肢：心配する／ショックを受ける／激怒する／辛く当たる。ジャンルは当方の判断,https://x.com/Chishikikentei/status/1445536849443753989
公式X,例題,881,2021-10-07,第4回,地理・歴史,山口県の秋吉台はどのような地形で知られるか。,カルスト,,選択肢：フィヨルド／ケスタ／カルスト／カール。ジャンルは当方の判断,https://x.com/Chishikikentei/status/1445894762209296392
公式X,例題,882,2021-10-08,第4回,政治・経済,国会の各議院の定足数は、総議員の何分のいくつ以上か。,3分の1,,選択肢：2分の1／3分の1／3分の2／4分の3。ジャンルは当方の判断,https://x.com/Chishikikentei/status/1446259914918170628
公式X,例題,883,2021-10-11,第4回,社会,次のうち、労働者は負担せず全額を事業主が負担しているのはどれか。,労災保険,,選択肢：労災保険／雇用保険／健康保険／厚生年金保険。ジャンルは当方の判断,https://x.com/Chishikikentei/status/1447344156947333125
公式X,例題,884,2021-10-12,第4回,国際,ボルソナーロはどこの国の大統領か。,ブラジル,○,選択肢：メキシコ／ブラジル／エジプト／イタリア。正解は当方の判断（正解発表の投稿を確認できず）。ジャンルは当方の判断,https://x.com/Chishikikentei/status/1447693269664616452
公式X,例題,885,2021-10-13,第4回,自然科学,フェーン現象が発生したときの風について正しいのは次のどれか。,高温で乾燥している,,選択肢：高温で湿っている／高温で乾燥している／低温で湿っている／低温で乾燥している。ジャンルは当方の判断。再出題：2022-04-25,https://x.com/Chishikikentei/status/1448050482023329794
公式X,例題,886,2021-10-14,第4回,生活,イタリア発祥のマリトッツォは何の種類か。,菓子パン,○,選択肢：パスタ／煮込み／菓子パン／チーズ。ジャンルは当方の判断,https://x.com/Chishikikentei/status/1448431439905648641
公式X,例題,887,2021-10-15,第4回,スポーツ,スピードスケートや自転車の種目名に使われている、英語で「追跡」という意味の言葉は何か。,パシュート,,選択肢：モーグル／スケルトン／スラローム／パシュート。ジャンルは当方の判断,https://x.com/Chishikikentei/status/1448776960113446914
公式X,例題,888,2021-10-18,第4回,芸術,どじょうすくいの踊りで知られる民謡は何か。,安来節,,選択肢：ソーラン節／八木節／安来節／炭坑節。ジャンルは当方の判断,https://x.com/Chishikikentei/status/1449882357272440832
公式X,例題,889,2021-10-19,第4回,カルチャー,『ウマ娘 プリティダービー』とは、どんなジャンルのゲームか。,育成シミュレーションゲーム,○,選択肢：リズムアクションゲーム／アクションロールプレイングゲーム／育成シミュレーションゲーム／弾幕シューティングゲーム。ジャンルは当方の判断,https://x.com/Chishikikentei/status/1450241738858131456
公式X,例題,890,2021-10-20,第4回,ことば,次のうち、送り仮名が間違っているのはどれか。,耕やす,,選択肢：交わす／耕やす／退ける／巡らす。ジャンルは当方の判断。再出題：2022-12-16,https://x.com/Chishikikentei/status/1450604034897838083
公式X,例題,891,2021-10-21,第4回,国際,インドネシアはどこの国から独立したか。,オランダ,,選択肢：イギリス／オランダ／フランス／スペイン。ジャンルは当方の判断。再出題：2022-12-19,https://x.com/Chishikikentei/status/1450968693790281732
公式X,例題,892,2021-10-22,第4回,政治・経済,衆議院の優越が認められている主な要因は何か。,より民意を反映している,,選択肢：人数が多い／より民意を反映している／歴史が長い／閣僚の人数が多い。ジャンルは当方の判断,https://x.com/Chishikikentei/status/1451336771187326977
公式X,例題,893,2021-10-25,第4回,社会,2022年度から「現代社会」に代わって高校で必修となる科目は何か。,公共,○,選択肢：政治／公共／経済／国際。ジャンルは当方の判断,https://x.com/Chishikikentei/status/1452420496788652036
公式X,例題,894,2021-10-26,第4回,国際,イギリスの2大政党は保守党と何か。,労働党,,選択肢：自由党／民主党／革新党／労働党。ジャンルは当方の判断,https://x.com/Chishikikentei/status/1452777622706868227
公式X,例題,895,2021-10-27,第4回,自然科学,次のうち、スキンシップによって分泌が促進される「幸せホルモン」とも呼ばれるホルモンはどれか。,オキシトシン,,選択肢：オキシトシン／エストロゲン／メラトニン／ソマトスタチン。正解は当方の判断（正解発表の投稿を確認できず）。ジャンルは当方の判断,https://x.com/Chishikikentei/status/1453152692532965378
公式X,例題,896,2021-10-28,第4回,生活,ガスパチョ、パエリアはどこの国の料理か。,スペイン,,選択肢：イタリア／スペイン／メキシコ／ブラジル。ジャンルは当方の判断。再出題：2022-12-27,https://x.com/Chishikikentei/status/1453503817681543171
公式X,例題,897,2021-10-29,第4回,スポーツ,次のうち、チキータという技術がある競技は何か。,卓球,,選択肢：卓球／テニス／バドミントン／ゴルフ。ジャンルは当方の判断,https://x.com/Chishikikentei/status/1453866465006796810
公式X,例題,898,2021-11-01,第4回,芸術,日本語では「前奏曲」という音楽形式は何か。,プレリュード,,選択肢：ワルツ／ロンド／レクイエム／プレリュード。ジャンルは当方の判断,https://x.com/Chishikikentei/status/1454955213392019458
公式X,例題,899,2021-11-02,第4回,カルチャー,虎杖悠仁を主人公とした、芥見下々の漫画は何か。,呪術廻戦,○,選択肢：呪術廻戦／僕のヒーローアカデミア／ブラッククローバー／Dr.STONE。ジャンルは当方の判断,https://x.com/Chishikikentei/status/1455307259798425600
公式X,例題,900,2021-11-04,第4回,ことば,次のうち、熟字訓でないのはどれか。,小糠雨,,選択肢：五月雨／菜種梅雨／小糠雨／時雨。ジャンルは当方の判断,https://x.com/Chishikikentei/status/1456025745025691650
公式X,例題,901,2021-11-05,第4回,地理・歴史,建武の新政を行った天皇は誰か。,後醍醐天皇,,選択肢：醍醐天皇／後醍醐天皇／白河天皇／後白河天皇。ジャンルは当方の判断,https://x.com/Chishikikentei/status/1456403805520556036
公式X,例題,902,2021-11-08,第4回,政治・経済,次のうち、コロナ禍からの経済回復の見通しとして指摘されているものはどれか。,K字回復,○,選択肢：E字回復／K字回復／S字回復／W字回復。ジャンルは当方の判断,https://x.com/Chishikikentei/status/1457493052679868416
公式X,例題,903,2021-11-09,第4回,社会,ビジネスシーンで聞かれることが多い「リソース」の意味は何か。,資源,,選択肢：資源／根拠／雇用／契約。ジャンルは当方の判断,https://x.com/Chishikikentei/status/1457841079080808452
公式X,例題,904,2021-11-10,第4回,国際,G20サミットの別名は、主な議題から何サミットというか。,金融,,選択肢：環境／軍縮／金融／人権。ジャンルは当方の判断,https://x.com/Chishikikentei/status/1458201327180255233
公式X,例題,905,2021-11-11,第4回,生活,抗酸化作用や血行促進効果があるとされる、ナッツ類に多く含まれるビタミンは何か。,ビタミンE,,選択肢：ビタミンA／ビタミンC／ビタミンE／ビタミンK。ジャンルは当方の判断。再出題：2021-12-23,https://x.com/Chishikikentei/status/1458579053678456836
公式X,例題,906,2021-11-12,第4回,生活,ビール、発泡酒、第3のビールの大きな違いは何か。,麦芽の比率,,選択肢：麦芽の比率／アルコール度数／発酵の方法／生産地。ジャンルは当方の判断,https://x.com/Chishikikentei/status/1458925308518621186
公式X,例題,907,2021-11-15,第4回,スポーツ,「重量フォワード」とは、何の競技で聞かれる言葉か。,ラグビー,,選択肢：サッカー／アメリカンフットボール／アイスホッケー／ラグビー。正解は当方の判断（正解発表の投稿を確認できず）。ジャンルは当方の判断,https://x.com/Chishikikentei/status/1460029565200318467
公式X,例題,908,2021-11-16,第4回,芸術,西洋画の大きさを表す単位は何か。,号,,選択肢：級／帖／号／幅。ジャンルは当方の判断,https://x.com/Chishikikentei/status/1460376427421859845
公式X,例題,909,2021-11-17,第4回,生活,かがやき、はくたか、つるぎは何新幹線の愛称か。,北陸新幹線,,選択肢：北海道新幹線／上越新幹線／九州新幹線／北陸新幹線。正解は当方の判断（正解発表の投稿を確認できず）。ジャンルは当方の判断,https://x.com/Chishikikentei/status/1460751502780211203
公式X,例題,910,2021-11-18,第4回,ことば,「豹変す」「危うきに近寄らず」の前に共通してつく言葉は何か。,君子,,選択肢：名手／賢人／君子／達人。ジャンルは当方の判断,https://x.com/Chishikikentei/status/1461100954745454594
公式X,例題,911,2021-11-19,第4回,国際,次のアフリカの国のうち、人口が1億人を超えていないのはどこか。,南アフリカ共和国,,選択肢：エジプト／エチオピア／ナイジェリア／南アフリカ共和国。ジャンルは当方の判断,https://x.com/Chishikikentei/status/1461460381688205313
公式X,例題,912,2021-11-22,第4回,政治・経済,債権の利払いや償還が不可能になることを何というか。,デフォルト,,選択肢：デフォルト／フォーマット／リセット／リジェクト。ジャンルは当方の判断,https://x.com/Chishikikentei/status/1462584106248663044
公式X,例題,913,2021-11-24,第4回,社会,「M字カーブ」とは何を表したグラフにみられる曲線か。,女性の労働力率,,選択肢：学力と収入の相関関係／女性の労働力率／感染症の罹患率／開発途上国の識字率。ジャンルは当方の判断,https://x.com/Chishikikentei/status/1463276338467377156
公式X,例題,914,2021-11-25,第4回,国際,次のうち、中国の4つの直轄市に含まれない都市はどれか。,深圳,,選択肢：重慶／北京／上海／深圳。ジャンルは当方の判断,https://x.com/Chishikikentei/status/1463650371176255490
公式X,例題,915,2021-11-26,第4回,自然科学,ある道を行きは時速60km、帰りは時速90kmで走った場合、全行程の平均速度は時速何kmか。,72km,,選択肢：70km／72km／75km／80km。ジャンルは当方の判断,https://x.com/Chishikikentei/status/1464011507897757705
公式X,例題,916,2021-11-29,第4回,芸術,南部風鈴の主な素材は何か。,鉄,,選択肢：ガラス／鉄／石／陶器。ジャンルは当方の判断,https://x.com/Chishikikentei/status/1465109778556809216
公式X,例題,917,2021-11-30,第4回,スポーツ,男子はデュプランティス、女子はイシンバエワが世界記録を保持している陸上種目は何か。,棒高跳,,選択肢：棒高跳／ハンマー投／10000m走／20Km競歩。ジャンルは当方の判断,https://x.com/Chishikikentei/status/1465457160872030211
公式X,例題,918,2021-12-01,第4回,芸術,富山県民謡『こきりこ節』の「こきりこ」とは何のことか。,楽器,,選択肢：農具／楽器／玩具／大工道具。ジャンルは当方の判断,https://x.com/Chishikikentei/status/1465812505503039489
公式X,例題,919,2021-12-02,第4回,ことば,次の漢字と読みがなの表記で正しいのはどれか。,道連れ－みちづれ,,選択肢：絆－きづな／道連れ－みちづれ／固唾－かたづ／融通－ゆうづう。ジャンルは当方の判断,https://x.com/Chishikikentei/status/1466186271785586688
公式X,例題,920,2021-12-03,第4回,地理・歴史,五箇条の御誓文が出されたのはいつか。,明治維新,,選択肢：大化の改新／建武の新政／享保の改革／明治維新。ジャンルは当方の判断,https://x.com/Chishikikentei/status/1466554814490628096
公式X,例題,921,2021-12-06,第4回,政治・経済,投資家の代わりに金融資産の管理や運用を代行することを「何マネジメント」というか。,アセット,,選択肢：セーフティ／ファンド／アセット／サプライ。ジャンルは当方の判断,https://x.com/Chishikikentei/status/1467645846351388672
公式X,例題,922,2021-12-07,第4回,社会,ヤングケアラーとは何をしている子どもたちのことか。,介護,,選択肢：入院／介護／労働／入学。ジャンルは当方の判断,https://x.com/Chishikikentei/status/1467989416795054080
公式X,例題,923,2021-12-08,第4回,国際,アメリカで通称「ペンタゴン」と呼ばれるのは何か。,国防総省,,選択肢：連邦準備銀行／国防総省／航空宇宙局／連邦議会。ジャンルは当方の判断,https://x.com/Chishikikentei/status/1468349752446046208
公式X,例題,924,2021-12-09,第4回,自然科学,天気予報で、地域をマス目状にエリア分けし、それぞれで予報する手法を何というか。,メッシュ予報,,選択肢：グリッド予報／ネット予報／ブロック予報／メッシュ予報。ジャンルは当方の判断,https://x.com/Chishikikentei/status/1468711013310930948
公式X,例題,925,2021-12-10,第4回,生活,キャンピングカーや改造車で旅をしながら車中生活を行うことを何というか。,バンライフ,,選択肢：バンライフ／ノマド／ボヘニアニズム／ジプシー。ジャンルは当方の判断,https://x.com/Chishikikentei/status/1469091129065107456
公式X,例題,926,2021-12-13,第4回,スポーツ,昨年亡くなったサッカー選手ディエゴ・マラドーナが代表としてプレーした国はどこか。,アルゼンチン,○,選択肢：ブラジル／メキシコ／ウルグアイ／アルゼンチン。ジャンルは当方の判断,https://x.com/Chishikikentei/status/1470176155080998913
公式X,例題,927,2021-12-14,第4回,芸術,平安時代初期に成立した最初の勅撰和歌集は何か。,古今和歌集,,選択肢：古今和歌集／万葉集／懐風藻／後撰和歌集。正解は当方の判断（正解発表の投稿を確認できず）。ジャンルは当方の判断。選択肢の変換ミスは公式が訂正,https://x.com/Chishikikentei/status/1470533781337812993
公式X,例題,928,2021-12-15,第4回,芸術,次の童謡のうち、題材の季節が異なるのはどれか。,めだかの学校,,選択肢：夕焼け小焼け／虫の声／とんぼのめがね／めだかの学校。ジャンルは当方の判断,https://x.com/Chishikikentei/status/1470898218435506176
公式X,例題,929,2021-12-16,第4回,ことば,おぐしを整えるの「おぐし」とは何のことか。,髪の毛,,選択肢：着物／髪の毛／爪／盆栽。ジャンルは当方の判断,https://x.com/Chishikikentei/status/1471249941561765890
公式X,例題,930,2021-12-17,第4回,地理・歴史,1159年に起こった、源氏と平氏が初めて全面対決した戦いは何か。,平治の乱,,選択肢：平治の乱／前九年の役／石橋山の戦い／保元の乱。正解は当方の判断（正解発表の投稿を確認できず）。ジャンルは当方の判断。選択肢の変換ミスは公式が訂正,https://x.com/Chishikikentei/status/1471622196309426176
公式X,例題,931,2021-12-20,第4回,政治・経済,自民党総裁の任期は何年か。,3年,,選択肢：2年／3年／4年／5年。ジャンルは当方の判断,https://x.com/Chishikikentei/status/1472711269262438402
公式X,例題,932,2021-12-21,第4回,国際,カリオカとはどこの都市生まれの人か。,リオデジャネイロ,,選択肢：ロサンゼルス／リオデジャネイロ／シドニー／バルセロナ。ジャンルは当方の判断,https://x.com/Chishikikentei/status/1473057909714350080
公式X,例題,933,2021-12-24,第4回,社会,ティーザー広告の『ティーザー』とは、何という意味か。,じらすこと,,選択肢：じらすこと／そそのかすこと／隠すこと／またせること。ジャンルは当方の判断,https://x.com/Chishikikentei/status/1474147350520086555
公式X,例題,934,2021-12-27,第4回,スポーツ,ダブルコーク、ダブルクリップラー、ダブルマックツイストは何の競技の技か。,スノーボード,,選択肢：フィギュアスケート／スノーボード／サーフィン／BMX。正解は当方の判断（正解発表の投稿を確認できず）。ジャンルは当方の判断,https://x.com/Chishikikentei/status/1475249455847079939
公式X,例題,935,2021-12-28,第4回,芸術,「ポップアートの旗手」と呼ばれた、キャンベルスープ缶のデザインを手掛けたアメリカのアーティストは誰か。,ウォーホル,,選択肢：リキテンスタイン／ウォーホル／ヘリング／ワイエス。ジャンルは当方の判断,https://x.com/Chishikikentei/status/1475593028413059074
公式X,例題,936,2021-12-29,第4回,カルチャー,漫画『アオハライド』『思い、思われ、ふり、ふられ』の作者は誰か。,咲坂伊緒,,選択肢：河原和音／八田鮎子／幸田もも子／咲坂伊緒。ジャンルは当方の判断,https://x.com/Chishikikentei/status/1475958595858874369
公式X,例題,937,2021-12-30,第4回,ことば,次の慣用句のうち、「心配する」という意味があるのはどれか。,心を砕く,,選択肢：心を砕く／心が折れる／心に余る／心が解ける。ジャンルは当方の判断,https://x.com/Chishikikentei/status/1476345443764543489
公式X,例題,938,2022-01-03,第4回,地理・歴史,小説『ビルマの竪琴』の「ビルマ」の現在の国名は何か。,ミャンマー,,選択肢：ブータン／カンボジア／ミャンマー／ブルネイ。正解は当方の判断（正解発表の投稿を確認できず）。ジャンルは当方の判断,https://x.com/Chishikikentei/status/1477776558249377792
公式X,例題,939,2022-01-03,第4回,ことば,『些か』の読みは何か。,いささか,,選択肢：いささか／わずか／ささやか／しめやか。正解は当方の判断（正解発表の投稿を確認できず）。ジャンルは当方の判断。選択肢の誤字は公式が訂正,https://x.com/Chishikikentei/status/1477949820354830337
公式X,例題,940,2022-01-04,第4回,社会,通称を「PL法」という法律は何か。,製造物責任法,,選択肢：消費者契約法／独占禁止法／景品表示法／製造物責任法。ジャンルは当方の判断,https://x.com/Chishikikentei/status/1478134576988180481
公式X,例題,941,2022-01-05,第4回,社会,「2045年問題」とは何によって引き起こされる問題を指す言葉か。,人工知能が人間の知能を超えること,,選択肢：石油が枯渇すること／団塊ジュニアが高齢者になること／人工知能が人間の知能を超えること／世界の人口が100億を突破すること。ジャンルは当方の判断,https://x.com/Chishikikentei/status/1478510872918392833
公式X,例題,942,2022-01-06,第4回,国際,中国で国会に相当する機関は何か。,全国人民代表大会,,選択肢：全国人民代表大会／国務院／国家民族事務委員会／中国工程院。ジャンルは当方の判断,https://x.com/Chishikikentei/status/1478873759646105602
公式X,例題,943,2022-01-06,第4回,国際,次のうち、永世中立国でない国はどこか。,ベルギー,,選択肢：ベルギー／スイス／オーストリア／トルクメニスタン。正解は当方の判断（正解発表の投稿を確認できず）。ジャンルは当方の判断,https://x.com/Chishikikentei/status/1479029892943839239
公式X,例題,944,2022-01-07,第4回,自然科学,CPAPとは何に関して行われる治療法か。,睡眠,,選択肢：運転／運動／食事／睡眠。ジャンルは当方の判断,https://x.com/Chishikikentei/status/1479224485752754180
公式X,例題,945,2022-01-11,第4回,生活,日本庭園にある「つくばい」は何を行うためのものか。,手を洗う,,選択肢：音を聴く／手を洗う／灯をともす／靴を脱ぐ。ジャンルは当方の判断,https://x.com/Chishikikentei/status/1480683071800508418
公式X,例題,946,2022-01-12,第4回,スポーツ,サッカーのUEFAチャンピオンズリーグは、どこの大陸のクラブ選手権大会か。,ヨーロッパ,,選択肢：ヨーロッパ／アジア／南北アメリカ／アフリカ。ジャンルは当方の判断,https://x.com/Chishikikentei/status/1481031802815152129
公式X,例題,947,2022-01-13,第4回,芸術,江戸時代の彫刻師・左甚五郎の作とされる「眠り猫」があるのはどこか。,日光東照宮,,選択肢：日光東照宮／浅草寺／二条城／桂離宮。ジャンルは当方の判断,https://x.com/Chishikikentei/status/1481394355374268416
公式X,例題,948,2022-01-14,第4回,カルチャー,次のお祭りのうち、山形市で行われるのはどれか。,花笠まつり,,選択肢：ねぶた祭／竿灯まつり／花笠まつり／七夕まつり。ジャンルは当方の判断,https://x.com/Chishikikentei/status/1481756142863020033
公式X,例題,949,2022-01-17,第4回,ことば,「紅差し指」と呼ばれるのは何指か。,薬指,,選択肢：人差し指／中指／薬指／小指。ジャンルは当方の判断,https://x.com/Chishikikentei/status/1482858262076608515
公式X,例題,950,2022-01-18,第4回,地理・歴史,江戸時代に山田長政が渡ったのは現在のどこの国か。,タイ,,選択肢：タイ／フィリピン／マレーシア／インド。ジャンルは当方の判断,https://x.com/Chishikikentei/status/1483219759143714820
公式X,例題,951,2022-01-19,第4回,政治・経済,次のうち、一般に「主要三税」に含まれないのはどれか。,地価税,,選択肢：所得税／地価税／法人税／消費税。正解は当方の判断（正解発表の投稿を確認できず）。ジャンルは当方の判断,https://x.com/Chishikikentei/status/1483576079554015232
公式X,例題,952,2022-01-20,第4回,社会,新オレンジプランは何に関する施策か。,認知症,,選択肢：認知症／子宮頸がん／糖尿病／うつ。ジャンルは当方の判断,https://x.com/Chishikikentei/status/1483930136592281601
公式X,例題,953,2022-01-21,第4回,国際,G7サミット（主要国首脳会議）で、大統領が出席する国はアメリカとどこか。,フランス,,選択肢：イタリア／フランス／ドイツ／カナダ。ジャンルは当方の判断,https://x.com/Chishikikentei/status/1484293965805670402
公式X,例題,954,2022-01-24,第4回,自然科学,次のうち、相対性理論が利用されているものはどれか。,GPS,,選択肢：ビットコイン／リチウムイオン電池／非接触ICカード／GPS。ジャンルは当方の判断,https://x.com/Chishikikentei/status/1485394797829701633
公式X,例題,955,2022-01-25,第4回,生活,次のうち、グルテンフリーダイエットで摂取しないのはどれか。,小麦,,選択肢：肉／砂糖／小麦／米。正解は当方の判断（正解発表の投稿を確認できず）。ジャンルは当方の判断,https://x.com/Chishikikentei/status/1485756495753277442
公式X,例題,956,2022-01-26,第4回,スポーツ,女子卓球の世界ランキングで、日本人最高位は誰か。,伊藤美誠,○,選択肢：石川佳純／早田ひな／平野美宇／伊藤美誠。ジャンルは当方の判断,https://x.com/Chishikikentei/status/1486108306922151936
公式X,例題,957,2022-01-28,第4回,カルチャー,景勝地の奥入瀬渓流がある都道府県はどこか。,青森県,,選択肢：青森県／茨城県／石川県／和歌山県。ジャンルは当方の判断,https://x.com/Chishikikentei/status/1486841013952221186
公式X,例題,958,2022-02-01,第4回,地理・歴史,日本神話で、ワダツミは何の神か。,海,,選択肢：風／樹木／山／海。ジャンルは当方の判断,https://x.com/Chishikikentei/status/1488279495341576192
公式X,例題,959,2022-02-02,第4回,政治・経済,ジム・ロジャーズやウォーレン・バフェットは、何の分野で知られる人物か。,投資,,選択肢：貿易／IT／保険／投資。ジャンルは当方の判断,https://x.com/Chishikikentei/status/1488637646255824896
公式X,例題,960,2022-02-03,第4回,社会,ECサイトの「EC」とは、「エレクトロニクス何」の略か。,コマース,,選択肢：カンパニー／カスタマー／コマース／コミュニケーション。正解は当方の判断（正解発表の投稿を確認できず）。ジャンルは当方の判断,https://x.com/Chishikikentei/status/1488999939724439553
公式X,例題,961,2022-02-07,第4回,自然科学,六面体のサイコロを2つ振って、出た目の数の合計が7になる確率は約何％か。,17％,,選択肢：11％／13％／17％／20％。ジャンルは当方の判断,https://x.com/Chishikikentei/status/1490460959814856704
公式X,例題,962,2022-02-08,第4回,生活,北京ダックに添えられる、小麦粉を発酵させた甘味噌は何か。,甜麵醬,,選択肢：豆板醤／甜麵醬／芝麻醤／XO醤。ジャンルは当方の判断,https://x.com/Chishikikentei/status/1490828518581993473
公式X,例題,963,2022-02-09,第4回,スポーツ,三段跳のホップ・ステップ・ジャンプのうち、同じ側の足で跳ぶのはどれとどれか。,ホップとステップ,,選択肢：ホップとステップ／ホップとジャンプ／ステップとジャンプ／決まりはない。ジャンルは当方の判断,https://x.com/Chishikikentei/status/1491191615020359680
公式X,例題,964,2022-02-10,第4回,芸術,唐代の伝奇を題材とした小説『山月記』の作者は誰か。,中島敦,,選択肢：織田作之助／国木田独歩／泉鏡花／中島敦。ジャンルは当方の判断,https://x.com/Chishikikentei/status/1491550803626283010
公式X,例題,965,2022-02-15,第4回,ことば,「所在ない」の意味は次のどれか。,退屈である,,選択肢：居心地が悪い／落ち着かない／見当がつかない／退屈である。ジャンルは当方の判断,https://x.com/Chishikikentei/status/1493350006882914307
公式X,例題,966,2022-02-18,第4回,政治・経済,2020年5月に発足した航空自衛隊の宇宙作戦隊の主な任務は次のどれか。,スペースデブリから人工衛星を守る,○,選択肢：月の資源を開発する／スペースデブリから人工衛星を守る／太陽光発電の研究を推進する／宇宙飛行士を育成する。ジャンルは当方の判断,https://x.com/Chishikikentei/status/1494436233074049024
公式X,例題,967,2022-02-21,第4回,政治・経済,次のうち、「六法」に含まれないのはどれか。,行政法,,選択肢：商法／刑法／行政法／刑事訴訟法。ジャンルは当方の判断,https://x.com/Chishikikentei/status/1495539537501913089
公式X,例題,968,2022-03-07,第5回,ことば,次の熟語を50音順に並べたとき、最初になるのはどれか。,灰汁,,選択肢：灰汁／所謂／相殺／会釈。ジャンルは当方の判断,https://x.com/Chishikikentei/status/1500621184207323136
公式X,例題,969,2022-03-08,第5回,地理・歴史,リンカーンが「人民の人民による人民のための政治」と演説した、南北戦争の激戦地はどこか。,ゲティスバーグ,,選択肢：リッチモンド／レキシントン／ゲティスバーグ／ヨークタウン。ジャンルは当方の判断,https://x.com/Chishikikentei/status/1500969824251695104
公式X,例題,970,2022-03-09,第5回,政治・経済,著書『人口論』で知られるイギリスの古典派経済学者は誰か。,マルサス,,選択肢：リカード／マルサス／ミル／アダム・スミス。ジャンルは当方の判断,https://x.com/Chishikikentei/status/1501325291666305025
公式X,例題,971,2022-03-11,第5回,国際,「オリガルヒ」とはロシア政府に大きな影響を与える何のことか。,新興財閥,○,選択肢：SNS／メディア／保守政党／新興財閥。ジャンルは当方の判断,https://x.com/Chishikikentei/status/1502058296068677633
公式X,例題,972,2022-03-14,第5回,自然科学,次のうち、野球のスピードガンに応用されているのはどれか。,ドップラー効果,,選択肢：フックの法則／トンネル効果／ドップラー効果／ファラデーの法則。正解は当方の判断（正解発表の投稿を確認できず）。ジャンルは当方の判断,https://x.com/Chishikikentei/status/1503147935579926532
公式X,例題,973,2022-03-15,第5回,生活,長命寺、道明寺などの種類がある和菓子は何か。,桜もち,,選択肢：ようかん／桜もち／もなか／落雁。ジャンルは当方の判断,https://x.com/Chishikikentei/status/1503497478217232384
公式X,例題,974,2022-03-16,第5回,スポーツ,陸上の100m走や走幅跳で記録が公認されるのは、追い風が何m以内のときか。,2.0m,,選択肢：1.0m／2.0m／3.0m／4.0m。ジャンルは当方の判断,https://x.com/Chishikikentei/status/1503858178467024900
公式X,例題,975,2022-03-17,第5回,芸術,少年カイと少女ゲルダが登場するアンデルセン童話は何か。,雪の女王,,選択肢：空飛ぶトランク／赤い靴／雪の女王／裸の王様。ジャンルは当方の判断,https://x.com/Chishikikentei/status/1504221386952540160
公式X,例題,976,2022-03-18,第5回,カルチャー,ゼロワン、カウントアップなどのルールがあるゲームは何か。,ダーツ,,選択肢：ダーツ／チェス／ポーカー／ビリヤード。ジャンルは当方の判断,https://x.com/Chishikikentei/status/1504599047482404866
公式X,例題,977,2022-03-21,第5回,ことば,人員整理を意味する「リストラ」の元の言葉「リストラチャリング」の本来の意味は何か。,再構築,,選択肢：新陳代謝／若返る／合理化／再構築。正解は当方の判断（正解発表の投稿を確認できず）。ジャンルは当方の判断,https://x.com/Chishikikentei/status/1505703692414033923
公式X,例題,978,2022-03-22,第5回,地理・歴史,鎌倉時代に六波羅探題が置かれたのはどこか。,京都,,選択肢：東北／江戸／京都／九州。正解は当方の判断（正解発表の投稿を確認できず）。ジャンルは当方の判断,https://x.com/Chishikikentei/status/1506045627209482241
公式X,例題,979,2022-03-23,第5回,政治・経済,GNP1％枠とは、国家予算における何の割合を指すものか。,防衛,,選択肢：防衛／公共事業／医療／国債。ジャンルは当方の判断,https://x.com/Chishikikentei/status/1506399927273877506
公式X,例題,980,2022-03-24,第5回,社会,「エシカル消費」の意味は何か。,社会などに配慮した消費,,選択肢：社会などに配慮した消費／必要最低限の消費／見栄を張るための消費／健康問題を抱える人の消費。ジャンルは当方の判断,https://x.com/Chishikikentei/status/1506767865260609537
公式X,例題,981,2022-03-25,第5回,国際,「ヨーロッパ最後の独裁者」といわれるルカシェンコは、どこの国の大統領か。,ベラルーシ,,選択肢：エストニア／ベラルーシ／アルメニア／ラトビア。ジャンルは当方の判断,https://x.com/Chishikikentei/status/1507124536898355203
公式X,例題,982,2022-03-28,第5回,自然科学,1970年に打ち上げられた日本初の人工衛星は何か。,おおすみ,,選択肢：はくちょう／たんせい／おおすみ／てんま。ジャンルは当方の判断,https://x.com/Chishikikentei/status/1508224068084187136
公式X,例題,983,2022-03-29,第5回,生活,韓国料理のタッカルビに使われるのは何肉か。,鶏肉,,選択肢：豚肉／牛肉／鶏肉／猪肉。ジャンルは当方の判断,https://x.com/Chishikikentei/status/1508585316420288519
公式X,例題,984,2022-03-30,第5回,スポーツ,四国の県で、Jリーグのクラブがないのはどこか。,高知県,○,選択肢：香川県／徳島県／愛媛県／高知県。ジャンルは当方の判断,https://x.com/Chishikikentei/status/1508943387411779589
公式X,例題,985,2022-04-01,第5回,芸術,『源氏物語』の登場人物で、次のうち男性は誰か。,夕霧,,選択肢：夕霧／葵の上／末摘花／紫の上。ジャンルは当方の判断,https://x.com/Chishikikentei/status/1509655614867525638
公式X,例題,986,2022-04-05,第5回,政治・経済,次のうち、二元代表制に該当するのはどれか。,県知事と県議会議員,,選択肢：内閣と国会／内閣総理大臣と閣僚／衆議院と参議院／県知事と県議会議員。ジャンルは当方の判断,https://x.com/Chishikikentei/status/1511123688669687810
公式X,例題,987,2022-04-06,第5回,政治・経済,資金調達の手段のひとつ、リバースモーゲージで担保にするものは何か。,家,,選択肢：家／車／生命保険／企業。ジャンルは当方の判断,https://x.com/Chishikikentei/status/1511477113198891008
公式X,例題,988,2022-04-07,第5回,社会,「団塊の世代」とは、現在何歳前後の世代のことか。,75歳,,選択肢：55歳／65歳／75歳／85歳。ジャンルは当方の判断,https://x.com/Chishikikentei/status/1511849575988228097
公式X,例題,989,2022-04-08,第5回,国際,次のうち、ABC兵器に含まれないのはどれか。,サイバー兵器,,選択肢：サイバー兵器／核兵器／生物兵器／化学兵器。ジャンルは当方の判断,https://x.com/Chishikikentei/status/1512210140623413249
公式X,例題,990,2022-04-11,第5回,自然科学,超伝導とは、物質の温度を下げることによって何が起こることか。,電気抵抗がゼロになる,,選択肢：磁力を帯びる／絶縁体が導体になる／電気抵抗がゼロになる／熱を発する。ジャンルは当方の判断,https://x.com/Chishikikentei/status/1513296775721140224
公式X,例題,991,2022-04-12,第5回,生活,寿司の助六とは太巻きと何をセットにしたものか。,いなり寿司,,選択肢：鉄火巻／いなり寿司／ちらし寿司／バッテラ。ジャンルは当方の判断,https://x.com/Chishikikentei/status/1513651074397523970
公式X,例題,992,2022-04-14,第5回,芸術,クンストハレとはどのような美術館のことか。,常設コレクションを所有しない,,選択肢：寄付で成り立っている／常設コレクションを所有しない／個人所有の作品を公開している／19世紀以前に造られた。ジャンルは当方の判断,https://x.com/Chishikikentei/status/1514373658222899201
公式X,例題,993,2022-04-15,第5回,カルチャー,昭和の商店街が再現されている遊園地はどこか。,西武園ゆうえんち,○,選択肢：西武園ゆうえんち／よみうりらんど／富士急ハイランド／東映太秦映画村。ジャンルは当方の判断,https://x.com/Chishikikentei/status/1514741874699161605
公式X,例題,994,2022-04-18,第5回,ことば,「敷居が高い」の意味は次のどれか。,不義理があって訪れにくい,,選択肢：苦手意識があって会いたくない／高級すぎて入りづらい／距離が遠くて訪問が難しい／不義理があって訪れにくい。正解は当方の判断（正解発表の投稿を確認できず）。ジャンルは当方の判断,https://x.com/Chishikikentei/status/1515829562390683649
公式X,例題,995,2022-04-19,第5回,地理・歴史,次のうち、ドイツの考古学者シュリーマンが発掘した遺跡はどれか。,トロイ,,選択肢：ポンペイ／クノッソス／トロイ／アゴラ。ジャンルは当方の判断,https://x.com/Chishikikentei/status/1516181611666059270
公式X,例題,996,2022-04-20,第5回,政治・経済,次のうち、内閣総理大臣の権限で行うことができるのはどれか。,国務大臣を罷免する,,選択肢：条約に批准する／予算案を提出する／衆議院議長を任命する／国務大臣を罷免する。正解は当方の判断（正解発表の投稿を確認できず）。ジャンルは当方の判断,https://x.com/Chishikikentei/status/1516561038552240128
公式X,例題,997,2022-04-21,第5回,カルチャー,テレビの民放キー局5社が共同で運営している、動画配信サービスは何か。,TVer,,選択肢：TVer／Hulu／TELASA／Paravi。ジャンルは当方の判断,https://x.com/Chishikikentei/status/1516911051732033537
公式X,例題,998,2022-04-22,第5回,国際,「地球温暖化を防ぐ」「持続可能な社会を創る」「野生生物を守る」「森や海を守る」。この4つをテーマに活動する組織は何か。,WWF,,選択肢：WFP／WADA／CAN／WWF。ジャンルは当方の判断,https://x.com/Chishikikentei/status/1517279149504622593
公式X,例題,999,2022-04-27,第5回,スポーツ,スキーの次の種目のうち、アルペンスキーに分類されるのはどれか。,回転,,選択肢：回転／ジャンプ／クロスカントリー／モーグル。ジャンルは当方の判断,https://x.com/Chishikikentei/status/1519077845540114434
公式X,例題,1000,2022-04-28,第5回,芸術,バイロイト音楽祭で演奏されるのは誰の曲か。,ワーグナー,,選択肢：ベートーベン／ワーグナー／リヒャルト・シュトラウス／メンデルスゾーン。ジャンルは当方の判断,https://x.com/Chishikikentei/status/1519454170071244800
公式X,例題,1001,2022-05-02,第5回,生活,イタリアのバランスボールメーカーが作った、幼児用の馬のおもちゃは何か。,ロディ,,選択肢：ボーネルンド／ロディ／ジミニー／オーリンク。ジャンルは当方の判断,https://x.com/Chishikikentei/status/1520891978720096256
公式X,例題,1002,2022-05-06,第5回,ことば,忸怩たる思いの「忸怩」の意味は次のどれか。,深く恥じ入る,,選択肢：身を引き締めて臨む／悔しさで怒りを覚える／深く恥じ入る／意図が伝わらない。ジャンルは当方の判断,https://x.com/Chishikikentei/status/1522353224379817984
公式X,例題,1003,2022-05-09,第5回,芸術,ドイツのケルン大聖堂の建築様式は何か。,ゴシック様式,,選択肢：ルネサンス様式／ロマネスク様式／ビザンティン様式／ゴシック様式。ジャンルは当方の判断,https://x.com/Chishikikentei/status/1523440863480729601
公式X,例題,1004,2022-05-10,第5回,政治・経済,以下の企業の1ヶ月の損益分岐点はいくらか。　　固定費　4500万円／月　　　変動費　売上100万円につき40万円／月,7500万円,,選択肢：6500万円／7000万円／7500万円／8000万円。ジャンルは当方の判断,https://x.com/Chishikikentei/status/1523792606286979072
公式X,例題,1005,2022-05-11,第5回,社会,「経済的自立を背景とする早期リタイア」を表す略語は何か。,FIRE,,選択肢：DROP／FIRE／HOME／STAR。ジャンルは当方の判断,https://x.com/Chishikikentei/status/1524153220041306112
公式X,例題,1006,2022-05-12,第5回,国際,ロヒンギャとはどこの国の少数民族か。,ミャンマー,,選択肢：中国／ミャンマー／シリア／アフガニスタン。正解は当方の判断（正解発表の投稿を確認できず）。ジャンルは当方の判断,https://x.com/Chishikikentei/status/1524513176154689536
公式X,例題,1007,2022-05-13,第5回,生活,「乳幼児の三大アレルゲン」とは、鶏卵、牛乳と何か。,小麦粉,,選択肢：ソバ／甲殻類／小麦粉／ナッツ類。ジャンルは当方の判断,https://x.com/Chishikikentei/status/1524888850581008384
公式X,例題,1008,2022-05-16,第5回,生活,ファッションで「シアー感」とはどのような感じのことか。,透けている,,選択肢：分厚い／天然素材を使用している／透けている／キラキラ光っている。ジャンルは当方の判断,https://x.com/Chishikikentei/status/1525977308087001089
公式X,例題,1009,2022-05-17,第5回,スポーツ,2020-2021年シーズンの女子ゴルフで賞金女王となり、東京オリンピックでは銀メダルを獲得した選手は誰か。,稲見萌寧,○,選択肢：稲見萌寧／畑岡奈紗／鈴木愛／渋野日向子。ジャンルは当方の判断,https://x.com/Chishikikentei/status/1526339254191726594
公式X,例題,1010,2022-05-18,第5回,芸術,『イパネマの娘』は何の音楽ジャンルの定番曲か。,ボサノバ,,選択肢：ソウル／ブルース／ボサノバ／ゴスペル。正解は当方の判断（正解発表の投稿を確認できず）。ジャンルは当方の判断,https://x.com/Chishikikentei/status/1526706015583866881
公式X,例題,1011,2022-05-19,第5回,カルチャー,『ドカベン』『あぶさん』など野球を題材にした作品で知られる漫画家は誰か。,水島新司,,選択肢：ちばてつや／あだち充／満田拓也／水島新司。ジャンルは当方の判断,https://x.com/Chishikikentei/status/1527055315887624193
公式X,例題,1012,2022-05-20,第5回,ことば,次のうち、表記が誤っている四字熟語はどれか。,社交辞礼,,選択肢：絶体絶命／社交辞礼／厚顔無恥／単刀直入。ジャンルは当方の判断,https://x.com/Chishikikentei/status/1527429294615842816
公式X,例題,1013,2022-05-23,第5回,地理・歴史,江戸時代、元禄文化が栄えたころの将軍は誰か。,徳川綱吉,,選択肢：徳川家光／徳川家綱／徳川綱吉／徳川吉宗。ジャンルは当方の判断,https://x.com/Chishikikentei/status/1528512796844969984
公式X,例題,1014,2022-05-25,第5回,社会,国民年金の老齢基礎年金の受給額は満額でいくらか。,6万4816円,○,選択肢：5万4816円／6万4816円／7万4816円／8万4816円。ジャンルは当方の判断,https://x.com/Chishikikentei/status/1529244312558784513
公式X,例題,1015,2022-05-27,第5回,自然科学,北里柴三郎が発見した菌は次のどれか。,ペスト菌,,選択肢：ペスト菌／赤痢菌／結核菌／チフス菌。ジャンルは当方の判断,https://x.com/Chishikikentei/status/1529955025996611584
公式X,例題,1016,2022-05-30,第5回,生活,和三盆は何の調味料の一種か。,砂糖,,選択肢：味噌／塩／砂糖／醤油。ジャンルは当方の判断,https://x.com/Chishikikentei/status/1531051595236257793
公式X,例題,1017,2022-05-31,第5回,スポーツ,サッカーの「ダイアゴナルラン」とはどのような動きか。,斜めに走る,,選択肢：囮になって引きつける／斜めに走る／サイドへ流れる／サイドチェンジを促す。ジャンルは当方の判断,https://x.com/Chishikikentei/status/1531404033478385664
公式X,例題,1018,2022-06-02,第5回,カルチャー,小坂菜緒が在籍するグループは何か。,日向坂46,○,選択肢：乃木坂46／日向坂46／AKB48／STU48。ジャンルは当方の判断,https://x.com/Chishikikentei/status/1532127044116459522
公式X,例題,1019,2022-06-03,第5回,ことば,「津津浦浦」の「津」とは、元々どこを表す言葉か。,港,,選択肢：港／池／山頂／島。ジャンルは当方の判断,https://x.com/Chishikikentei/status/1532498496116232197
公式X,例題,1020,2022-06-06,第5回,地理・歴史,江戸時代の旗本と御家人の違いは何か。,将軍に謁見できるのが旗本,,選択肢：老中の役職につけるのが旗本／城内での帯刀が許されるのが旗本／将軍に謁見できるのが旗本／石高1万石以上が旗本。ジャンルは当方の判断,https://x.com/Chishikikentei/status/1533594501519794176
公式X,例題,1021,2022-06-07,第5回,政治・経済,イェリネックが唱えた「国家の三要素」に含まれないのは次のどれか。,法律,,選択肢：領土／法律／人民／主権。ジャンルは当方の判断。再出題：2022-11-17,https://x.com/Chishikikentei/status/1533936196233338881
公式X,例題,1022,2022-06-08,第5回,社会,2020年度の日本のカロリーベースの食料自給率は約何％か。,37％,○,選択肢：37％／47％／57％／67％。ジャンルは当方の判断,https://x.com/Chishikikentei/status/1534301388557393920
公式X,例題,1023,2022-06-09,第5回,国際,ASEAN唯一のキリスト教国はどこか。,フィリピン,,選択肢：タイ／インドネシア／シンガポール／フィリピン。ジャンルは当方の判断,https://x.com/Chishikikentei/status/1534673125560184832
公式X,例題,1024,2022-06-10,第5回,自然科学,次のうち、磁石がくっつかない物質はどれか。,リチウム,,選択肢：鉄／ニッケル／リチウム／コバルト。ジャンルは当方の判断,https://x.com/Chishikikentei/status/1535036994786820096
公式X,例題,1025,2022-06-13,第5回,生活,着物で既婚女性の第一礼装は何か。,黒留袖,,選択肢：黒留袖／訪問着／振袖／小紋。ジャンルは当方の判断,https://x.com/Chishikikentei/status/1536124906571972608
公式X,例題,1026,2022-06-14,第5回,スポーツ,サッカーのJ1で最多出場試合数記録を持つ選手は誰か。,遠藤保仁,○,選択肢：楢崎正剛／興梠慎三／大久保嘉人／遠藤保仁。ジャンルは当方の判断,https://x.com/Chishikikentei/status/1536486864298950656
公式X,例題,1027,2022-06-15,第5回,カルチャー,『レベッカ』『鳥』『見知らぬ乗客』などで知られる映画監督は誰か。,ヒッチコック,,選択肢：ヒッチコック／キューブリック／ウェルズ／スピルバーグ。ジャンルは当方の判断,https://x.com/Chishikikentei/status/1536837107708092416
公式X,例題,1028,2022-06-16,第5回,カルチャー,児童文学『ふしぎ駄菓子屋 銭天堂』シリーズの作者は誰か。,廣嶋玲子,,選択肢：はやみねかおる／令丈ヒロ子／廣嶋玲子／石崎洋司。ジャンルは当方の判断,https://x.com/Chishikikentei/status/1537198349312352256
公式X,例題,1029,2022-06-17,第5回,ことば,「張り子の虎」の意味は何か。,見掛け倒し,,選択肢：役に立たない／見掛け倒し／壊れやすい／大事なものが欠けている。ジャンルは当方の判断,https://x.com/Chishikikentei/status/1537569295349448704
公式X,例題,1030,2022-06-20,第5回,地理・歴史,1951年、第二次大戦終結のための対日平和条約が調印されたアメリカの都市はどこか。,サンフランシスコ,,選択肢：ニューヨーク／ポーツマス／ロサンゼルス／サンフランシスコ。ジャンルは当方の判断,https://x.com/Chishikikentei/status/1538660206028021761
公式X,例題,1031,2022-06-21,第5回,社会,親告罪とはどのような罪のことか。,告訴がなければ公訴提起できない,,選択肢：執行猶予がつかない／刑事罰がなく民事でのみ適用される／告訴がなければ公訴提起できない／被告人が18歳未満。ジャンルは当方の判断,https://x.com/Chishikikentei/status/1539011485007224834
公式X,例題,1032,2022-06-22,第5回,国際,次のうち、南沙諸島の領有権を主張していない国はどこか。,韓国,,選択肢：中国／韓国／フィリピン／ベトナム。ジャンルは当方の判断,https://x.com/Chishikikentei/status/1539374749662334976
公式X,例題,1033,2022-06-23,第5回,自然科学,顕性の法則は何の法則のひとつか。,メンデルの法則,,選択肢：ケプラーの法則／オームの法則／フックの法則／メンデルの法則。ジャンルは当方の判断,https://x.com/Chishikikentei/status/1539735590899707904
公式X,例題,1034,2022-06-24,第5回,生活,次のうち、助六ずしに欠かせないのはどれか。,いなりずし,,選択肢：いなりずし／バッテラ／鉄火巻／ちらしずし。ジャンルは当方の判断,https://x.com/Chishikikentei/status/1540117406798221312
公式X,例題,1035,2022-06-27,第5回,スポーツ,レスリングにおけるフォールは、相手の両肩を何秒マットにつければ成立するか。,1秒,,選択肢：1秒／3秒／5秒／10秒。ジャンルは当方の判断,https://x.com/Chishikikentei/status/1541198602436894722
公式X,例題,1036,2022-06-28,第5回,カルチャー,『マルサの女』『タンポポ』などの作品で知られる映画監督は誰か。,伊丹十三,,選択肢：大島渚／山田洋次／伊丹十三／小津安二郎。ジャンルは当方の判断,https://x.com/Chishikikentei/status/1541558445442142208
公式X,例題,1037,2022-06-29,第5回,国際,ブルジュ・ハリファ、パーム・ジュメイラなどの名所で知られる都市はどこか。,ドバイ,,選択肢：アブダビ／ドバイ／マラケシュ／イスタンブール。ジャンルは当方の判断,https://x.com/Chishikikentei/status/1541905485884194818
公式X,例題,1038,2022-06-30,第5回,ことば,英語の慣用句「Seeing is believing.」に相当する日本のことわざは何か。,百聞は一見に如かず,,選択肢：目は口ほどに物を言う／信じるものは救われる／木を見て森を見ず／百聞は一見に如かず。ジャンルは当方の判断,https://x.com/Chishikikentei/status/1542290322016768000
公式X,例題,1039,2022-07-01,第5回,地理・歴史,1582年の山崎の戦いで敗れた戦国武将は誰か。,明智光秀,,選択肢：武田勝頼／明智光秀／柴田勝家／今川義元。ジャンルは当方の判断。再出題：2022-11-16,https://x.com/Chishikikentei/status/1542635356050587648
公式X,例題,1040,2022-07-04,第5回,政治・経済,現在の衆議院で、自民党、立憲民主党に次いで議席の多い政党は何か。,日本維新の会,○,選択肢：公明党／日本共産党／日本維新の会／国民民主党。正解は当方の判断（正解発表の投稿を確認できず）。ジャンルは当方の判断,https://x.com/Chishikikentei/status/1543735436195299328
公式X,例題,1041,2022-07-05,第5回,社会,次のうち、モーダルシフトに関連が深いものはどれか。,運輸手段の切り替え,,選択肢：運輸手段の切り替え／教育制度の柔軟化／商品価格の廉価化／通信技術の向上。ジャンルは当方の判断,https://x.com/Chishikikentei/status/1544083394069667840
公式X,例題,1042,2022-07-06,第5回,地理・歴史,ナチスの強制絶滅収容所が置かれたアウシュビッツがある国はどこか。,ポーランド,,選択肢：ドイツ／ポーランド／リトアニア／ノルウェー。ジャンルは当方の判断。再出題：2022-08-16,https://x.com/Chishikikentei/status/1544464794044215296
公式X,例題,1043,2022-07-07,第5回,自然科学,ヘマトクリット値は、血液中の何の割合のことか。,赤血球,,選択肢：赤血球／白血球／血小板／コレステロール。ジャンルは当方の判断。再出題：2022-11-24,https://x.com/Chishikikentei/status/1544818933005709312
公式X,例題,1044,2022-07-08,第5回,生活,北海道の郷土料理、石狩鍋の材料として使われる魚は何か。,サケ,,選択肢：ニシン／カツオ／サケ／アユ。ジャンルは当方の判断,https://x.com/Chishikikentei/status/1545186052855369728
公式X,例題,1045,2022-07-11,第5回,スポーツ,イタリアのサッカーリーグ、セリエAのユヴェントスFCがホームを置く都市はどこか。,トリノ,,選択肢：ローマ／ミラノ／ジェノバ／トリノ。ジャンルは当方の判断,https://x.com/Chishikikentei/status/1546265423083339776
公式X,例題,1046,2022-07-12,第5回,芸術,故郷のサント・ビクトワール山の連作で知られる画家は誰か。,セザンヌ,,選択肢：セザンヌ／モネ／ゴッホ／ルノワール。ジャンルは当方の判断,https://x.com/Chishikikentei/status/1546637248493678592
公式X,例題,1047,2022-07-13,第5回,カルチャー,毎年8月に花笠祭りが行われる都市はどこか。,山形市,,選択肢：青森市／秋田市／仙台市／山形市。ジャンルは当方の判断,https://x.com/Chishikikentei/status/1547002721789956096
公式X,例題,1048,2022-07-14,第5回,ことば,次のうち、「君子豹変」の意味にもっとも近い熟語はどれか。,改心,,選択肢：改心／暴虐／激怒／友好。ジャンルは当方の判断,https://x.com/Chishikikentei/status/1547360092626239488
公式X,例題,1049,2022-07-21,第5回,地理・歴史,次のうち、緯度・経度によって決められた直線の国境線が多くみられる地域はどれか。,アフリカ,,選択肢：ヨーロッパ／南アメリカ／中東／アフリカ。ジャンルは当方の判断,https://x.com/Chishikikentei/status/1550024212852531200
公式X,例題,1050,2022-07-25,第5回,政治・経済,2024年より新たに導入される税は何か。,森林環境税,○,選択肢：森林環境税／宅地開発税／電源開発促進税／法定外目的税。ジャンルは当方の判断,https://x.com/Chishikikentei/status/1551347921794527232
公式X,例題,1051,2022-07-26,第5回,社会,弁理士は次の何に関する職業か。,特許,,選択肢：貿易／不動産／特許／企業財務。ジャンルは当方の判断,https://x.com/Chishikikentei/status/1551696866487971840
公式X,例題,1052,2022-07-27,第5回,国際,北部のトルコ系と南部のギリシャ系で対立の続くヨーロッパの国はどこか。,キプロス,,選択肢：北マケドニア／ジョージア／セルビア／キプロス。正解は当方の判断（正解発表の投稿を確認できず）。ジャンルは当方の判断,https://x.com/Chishikikentei/status/1552063327387299841
公式X,例題,1053,2022-07-29,第5回,自然科学,mRNAワクチンのmが表す言葉は何か。,メッセンジャー,○,選択肢：モジュラー／メッセンジャー／ミューテーション／マイクロ。ジャンルは当方の判断,https://x.com/Chishikikentei/status/1552809002907496448
公式X,例題,1054,2022-08-01,第5回,生活,テキスタイルとはどのような製品のことか。,織物,,選択肢：木製家具／織物／生活家電／紙製品。正解は当方の判断（正解発表の投稿を確認できず）。ジャンルは当方の判断,https://x.com/Chishikikentei/status/1553890728845410305
公式X,例題,1055,2022-08-02,第5回,スポーツ,「オリンピック・ディスタンス」とは何の競技に関連する言葉か。,トライアスロン,,選択肢：競歩／カヌー／トライアスロン／クロスカントリースキー。ジャンルは当方の判断,https://x.com/Chishikikentei/status/1554254210740326400
公式X,例題,1056,2022-08-03,第5回,芸術,「あはれの文学」と呼ばれる作品は何か。,源氏物語,,選択肢：枕草子／源氏物語／伊勢物語／徒然草。ジャンルは当方の判断,https://x.com/Chishikikentei/status/1554608788472496129
公式X,例題,1057,2022-08-04,第5回,カルチャー,木下ゆうか、三宅智子は、どんなジャンルのYouTuberか。,大食い,○,選択肢：メイク／ヨガ／ゲーム実況／大食い。ジャンルは当方の判断,https://x.com/Chishikikentei/status/1554963134993285120
公式X,例題,1058,2022-08-08,第5回,ことば,「判官贔屓」という言葉の由来になった人物は誰か。,源義経,,選択肢：源義経／楠木正成／石田三成／天草四郎。ジャンルは当方の判断,https://x.com/Chishikikentei/status/1556422694790238208
公式X,例題,1059,2022-08-09,第5回,地理・歴史,平安時代末期に奥州を統治し、1189年に源頼朝に滅ぼされたのは何氏か。,藤原氏,,選択肢：平氏／橘氏／菅原氏／藤原氏。ジャンルは当方の判断,https://x.com/Chishikikentei/status/1556773177212420096
公式X,例題,1060,2022-08-12,第5回,政治・経済,55年体制の中心となった2つの政党とは何党と何党か。,自由民主党と日本社会党,,選択肢：自由民主党と日本社会党／自由民主党と日本共産党／国民党と日本社会党／国民党と日本共産党。ジャンルは当方の判断,https://x.com/Chishikikentei/status/1557873831054016512
公式X,例題,1061,2022-08-15,第5回,社会,令状を発行する機関は何か。,裁判所,,選択肢：警察庁／裁判所／国会／国家公安委員会。ジャンルは当方の判断,https://x.com/Chishikikentei/status/1558963987307724801
公式X,例題,1062,2022-08-17,第5回,自然科学,皮膚でのビタミンDの合成を促進するのに効果的なことは何か。,日光浴,,選択肢：適度な運動／入浴／水分補給／日光浴。ジャンルは当方の判断,https://x.com/Chishikikentei/status/1559680798856740864
公式X,例題,1063,2022-08-18,第5回,生活,白ブドウを材料とし、赤ワインと同様の製法でつくるワインを何というか。,オレンジワイン,,選択肢：ピンクワイン／オレンジワイン／パープルワイン／ブルーワイン。ジャンルは当方の判断,https://x.com/Chishikikentei/status/1560043222646173696
公式X,例題,1064,2022-08-22,第5回,スポーツ,次のうち、四方を壁に囲まれたコートで行う球技はどれか。,スカッシュ,,選択肢：スカッシュ／セパタクロー／クリケット／ポロ。正解は当方の判断（正解発表の投稿を確認できず）。ジャンルは当方の判断,https://x.com/Chishikikentei/status/1561490823404867584
公式X,例題,1065,2022-08-23,第5回,芸術,「白の時代」「色彩の時代」とは誰の画風を言ったものか。,ユトリロ,,選択肢：シャガール／マティス／モディリアーニ／ユトリロ。ジャンルは当方の判断,https://x.com/Chishikikentei/status/1561846207500423168
公式X,例題,1066,2022-08-24,第5回,ことば,ネット用語で「FO」とはどのような意味か。,徐々に関係を断つ,,選択肢：懐が寂しい／想定外の事態に遭遇する／徐々に関係を断つ／フォロワーの多い人。ジャンルは当方の判断,https://x.com/Chishikikentei/status/1562233068727185409
公式X,例題,1067,2022-08-25,第5回,ことば,次のうち、クッション言葉が含まれるのはどれか。,お手数ですがご対応お願いします,,選択肢：お慶び申し上げます／お手数ですがご対応お願いします／謹んでお受けいたします／お気遣いありがとうございます。ジャンルは当方の判断,https://x.com/Chishikikentei/status/1562586339752943624
公式X,例題,1068,2022-08-26,第5回,地理・歴史,ドイツのゾーリンゲンは何の生産で知られる都市か。,刃物,,選択肢：刃物／陶器／時計／花。ジャンルは当方の判断,https://x.com/Chishikikentei/status/1562942151381594113
公式X,例題,1069,2022-08-29,第5回,政治・経済,総理大臣の「伝家の宝刀」といわれるものは何か。,衆議院の解散,,選択肢：国務大臣の任命権／自衛隊の出動命令／衆議院の解散／緊急事態の発出。正解は当方の判断（正解発表の投稿を確認できず）。ジャンルは当方の判断,https://x.com/Chishikikentei/status/1564036807691358209
公式X,例題,1070,2022-08-30,第5回,政治・経済,次のうち、セーフガードという措置にもっとも関係がある分野はどれか。,貿易,,選択肢：貿易／金融／軍事／医療。ジャンルは当方の判断,https://x.com/Chishikikentei/status/1564375193245855749
公式X,例題,1071,2022-08-31,第5回,国際,国際司法裁判所の本部がある都市はどこか。,ハーグ,,選択肢：パリ／ジュネーブ／ハーグ／ニューヨーク。正解は当方の判断（正解発表の投稿を確認できず）。ジャンルは当方の判断,https://x.com/Chishikikentei/status/1564753771947003905
公式X,例題,1072,2022-09-01,第5回,自然科学,次のうち、水上置換法で集めるのに適さない気体はどれか。,アンモニア,,選択肢：酸素／水素／二酸化炭素／アンモニア。ジャンルは当方の判断,https://x.com/Chishikikentei/status/1565103300823126017
公式X,例題,1073,2022-09-05,第5回,生活,二十四節気で、土ごもりしていた虫が外に這い出して来る頃とされるのは何か。,啓蟄,,選択肢：啓蟄／清明／芒種／白露。正解は当方の判断（正解発表の投稿を確認できず）。ジャンルは当方の判断,https://x.com/Chishikikentei/status/1566563203244789760
公式X,例題,1074,2022-09-13,第5回,スポーツ,トム・ブレイディは何の球技の選手か。,アメリカンフットボール,,選択肢：野球／バスケットボール／アメリカンフットボール／アイスホッケー。ジャンルは当方の判断,https://x.com/Chishikikentei/status/1569472200658550785
公式X,例題,1075,2022-09-14,第5回,地理・歴史,「扇の的」の逸話で知られる源平合戦のひとつは何か。,屋島の戦い,,選択肢：倶利伽羅峠の戦い／一の谷の戦い／屋島の戦い／壇ノ浦の戦い。ジャンルは当方の判断,https://x.com/Chishikikentei/status/1569825357272068098
公式X,例題,1076,2022-09-20,第5回,社会,「デュアラー」とはどのような人を指すか。,都会と田舎に住まいを持つ人,,選択肢：都会と田舎に住まいを持つ人／2つ以上の会社を経営する人／パソコンを2台以上持つ人／大学に通いながら働く人。ジャンルは当方の判断,https://x.com/Chishikikentei/status/1572004019148836865
公式X,例題,1077,2022-09-21,第5回,ことば,スペイン語の「ケセラセラ」の意味は何か。,なるようになる,,選択肢：善は急げ／終わり良ければすべて良し／継続は力なり／なるようになる。ジャンルは当方の判断,https://x.com/Chishikikentei/status/1572358221855358980
公式X,例題,1078,2022-09-22,第5回,地理・歴史,寛政の改革を推し進めた老中は誰か。,松平定信,,選択肢：田沼意次／酒井忠清／松平定信／水野忠邦。ジャンルは当方の判断,https://x.com/Chishikikentei/status/1572727293537300480
公式X,例題,1079,2022-09-26,第5回,社会,全国知事会の会長を務める平井伸治は何県の知事か。,鳥取県,○,選択肢：埼玉県／長野県／徳島県／鳥取県。正解は当方の判断（正解発表の投稿を確認できず）。ジャンルは当方の判断,https://x.com/Chishikikentei/status/1574190008600125441
公式X,例題,1080,2022-09-27,第5回,社会,ビジネスで聞かれる「バジェット」の意味は何か。,予算,,選択肢：計画／予算／資料／目標。ジャンルは当方の判断,https://x.com/Chishikikentei/status/1574541657793765376
公式X,例題,1081,2022-09-28,第5回,国際,1970年代から80年代の韓国で起きた「漢江の奇跡」とは、同国の何を表したものか。,経済成長,,選択肢：経済成長／民主化運動／教育向上／軍事力強化。ジャンルは当方の判断,https://x.com/Chishikikentei/status/1574891911336570881
公式X,例題,1082,2022-09-29,第5回,自然科学,次のうち、裸子植物はどれか。,イチョウ,,選択肢：サクラ／ウメ／ツツジ／イチョウ。ジャンルは当方の判断,https://x.com/Chishikikentei/status/1575261615833817088
公式X,例題,1083,2022-09-30,第5回,生活,インテリアで「カウチ」とは何のことか。,長椅子,,選択肢：長椅子／クッション／カーペット／ベッド。ジャンルは当方の判断,https://x.com/Chishikikentei/status/1575608414402596864
公式X,例題,1084,2022-10-03,第5回,スポーツ,海・川・湖などで行われる水泳競技を何ウォータースイミングというか。,オープン,,選択肢：ナチュラル／アウター／ネイティブ／オープン。ジャンルは当方の判断,https://x.com/Chishikikentei/status/1576714689601339392
公式X,例題,1085,2022-10-04,第5回,芸術,ネフリュードフ、カチューシャなどの人物が登場するトルストイの小説は何か。,復活,,選択肢：アンナ・カレーニナ／復活／戦争と平和／クロイツェル・ソナタ。正解は当方の判断（正解発表の投稿を確認できず）。ジャンルは当方の判断,https://x.com/Chishikikentei/status/1577096578606637058
公式X,例題,1086,2022-10-05,第5回,地理・歴史,秋芳洞のある都道府県はどこか。,山口県,,選択肢：岩手県／高知県／山口県／沖縄県。正解は当方の判断（正解発表の投稿を確認できず）。ジャンルは当方の判断,https://x.com/Chishikikentei/status/1577432355106484224
公式X,例題,1087,2022-10-06,第5回,ことば,次の2つの熟語の、ABに入る漢字はそれぞれ何か。専【A】家・訪【B】着,A＝門、B＝問,,選択肢：A＝門、B＝問／A＝問、B＝門／A＝門、B＝門／A＝問、B＝問。ジャンルは当方の判断,https://x.com/Chishikikentei/status/1577783648023384065
公式X,例題,1088,2022-10-07,第5回,地理・歴史,レコンキスタはキリスト教徒がどこを回復しようとした運動か。,イベリア半島,,選択肢：南アメリカ大陸／中東／イベリア半島／太平洋諸島。ジャンルは当方の判断,https://x.com/Chishikikentei/status/1578166617464184832
公式X,例題,1089,2022-10-12,第5回,政治・経済,「第4のメガバンク構想」を掲げている企業はどこか。,SBIホールディングス,○,選択肢：野村證券／第一生命保険／NTTファイナンス／SBIホールディングス。正解は当方の判断（正解発表の投稿を確認できず）。ジャンルは当方の判断,https://x.com/Chishikikentei/status/1579976910876348417
公式X,例題,1090,2022-10-13,第5回,社会,総則、物権、債券、親族、相続の5編からなる法律は何か。,民法,,選択肢：民法／商法／刑法／刑事法。ジャンルは当方の判断,https://x.com/Chishikikentei/status/1580336143614496770
公式X,例題,1091,2022-10-14,第5回,国際,OPECに加盟する南米の国はどこか。,ベネズエラ,,選択肢：ベネズエラ／コロンビア／ペルー／チリ。ジャンルは当方の判断,https://x.com/Chishikikentei/status/1580700120932184066
公式X,例題,1092,2022-10-17,第5回,自然科学,無線通信の乱れやGPSの誤差が生じることがある、太陽の表面で大きな爆発が起きる現象を何というか。,フレア,,選択肢：コロナ／ダイナモ／フレア／プロミネンス。ジャンルは当方の判断,https://x.com/Chishikikentei/status/1581786067380080640
公式X,例題,1093,2022-10-18,第5回,カルチャー,スーパーチャットという機能があるのは何か。,YouTube,,選択肢：Twitter／YouTube／Facebook／TikTok。ジャンルは当方の判断,https://x.com/Chishikikentei/status/1582141121207357440
公式X,例題,1094,2022-10-19,第5回,スポーツ,フェンシングで主に使用されるのは何語か。,フランス語,,選択肢：英語／スペイン語／イタリア語／フランス語。ジャンルは当方の判断,https://x.com/Chishikikentei/status/1582515598759600129
公式X,例題,1095,2022-10-21,第5回,芸術,『春』『ビーナスの誕生』などの作品で知られる、ルネサンス期の画家は誰か。,ボッティチェリ,,選択肢：ボッティチェリ／ダ・ヴィンチ／ミケランジェロ／ラファエロ。ジャンルは当方の判断,https://x.com/Chishikikentei/status/1583291606182277120
公式X,例題,1096,2022-10-24,第5回,芸術,直木賞候補にもなった小説『オルタネート』の作者であるタレントは誰か。,加藤シゲアキ,○,選択肢：劇団ひとり／バカリズム／尾崎世界観／加藤シゲアキ。ジャンルは当方の判断,https://x.com/Chishikikentei/status/1584339118590291973
公式X,例題,1097,2022-10-25,第5回,ことば,庶民を指す「市井の人」の「市井」の読みは何か。,しせい,,選択肢：いげた／いちい／しせい／ししょう。正解は当方の判断（正解発表の投稿を確認できず）。ジャンルは当方の判断,https://x.com/Chishikikentei/status/1584695032296378370
公式X,例題,1098,2022-10-26,第5回,芸術,東大寺の正倉院の建築様式は何か。,校倉造,,選択肢：校倉造／書院造／権現造／寄棟造。ジャンルは当方の判断,https://x.com/Chishikikentei/status/1585051498027044864
公式X,例題,1099,2022-10-27,第5回,政治・経済,2021年、歳費法の改正で見直された国会議員の文書通信交通滞在費について、特に問題視されたことは何か。,在職日数1日でも1ヶ月分支給されること,○,選択肢：領収書の添付義務がないこと／在職日数1日でも1ヶ月分支給されること／税金がかからないこと／目的外使用への罰則がないこと。ジャンルは当方の判断,https://x.com/Chishikikentei/status/1585420750416416768
公式X,例題,1100,2022-10-31,第5回,社会,メセナとは企業が何を支援することか。,芸術文化,,選択肢：環境保全／学校教育／芸術文化／適正貿易。ジャンルは当方の判断,https://x.com/Chishikikentei/status/1586858621476143105
公式X,例題,1101,2022-11-01,第5回,国際,EU（欧州連合）が2035年までに販売禁止を予定しているのは次のどれか。,ガソリン車,○,選択肢：毛皮／合成洗剤／プラスチック製品／ガソリン車。ジャンルは当方の判断,https://x.com/Chishikikentei/status/1587213204416970754
公式X,例題,1102,2022-11-07,第5回,自然科学,次の正多面体のうち、面の数より頂点の数の方が少ないのはどれか。,正八面体,,選択肢：正四面体／正六面体／正八面体／正十二面体。正解は当方の判断（正解発表の投稿を確認できず）。ジャンルは当方の判断,https://x.com/Chishikikentei/status/1589393478689382401
公式X,例題,1103,2022-11-08,第5回,生活,健康的なダイエットに欠かせない「PFCバランス」とは、何のことか。,栄養素のバランス,,選択肢：栄養素のバランス／運動と食事のバランス／筋肉と脂肪のバランス／カロリー摂取と消費のバランス。ジャンルは当方の判断,https://x.com/Chishikikentei/status/1589764631618519042
公式X,例題,1104,2022-11-10,第5回,スポーツ,次のうち、パラスポーツはどれか。,ゴールボール,,選択肢：キンボール／ゴールボール／コーフボール／チュックボール。ジャンルは当方の判断,https://x.com/Chishikikentei/status/1590484876293459968
公式X,例題,1105,2022-11-11,第5回,芸術,在原業平の歌「千早振る 神代もきかず 【　？　】 からくれなゐに 水くくるとは」。【　？　】に入る地名はどこか。,竜田川,,選択肢：田子の浦／大江山／手向山／竜田川。ジャンルは当方の判断,https://x.com/Chishikikentei/status/1590855045943537667
公式X,例題,1106,2022-11-14,第5回,カルチャー,映画『東京リベンジャーズ』で、主人公のタケミチを演じたのは誰か。,北村匠海,○,選択肢：鈴鹿央士／北村匠海／岩田剛典／中野量太。ジャンルは当方の判断,https://x.com/Chishikikentei/status/1591932452733620224
公式X,例題,1107,2022-11-15,第5回,ことば,次のうち、「絵に描いた餅」と同じような意味のことわざはどれか。,机上の空論,,選択肢：火中の栗を拾う／雀の涙／馬子にも衣裳／机上の空論。ジャンルは当方の判断,https://x.com/Chishikikentei/status/1592312185531039745
公式X,例題,1108,2022-11-18,第5回,社会,次のうち、SDGsの17の目標にないのはどれか。,すべての地域に病院を,,選択肢：貧困をなくそう／ジェンダー平等を実現しよう／すべての地域に病院を／気候変動に具体的な対策を。ジャンルは当方の判断,https://x.com/Chishikikentei/status/1593445651001802752
公式X,例題,1109,2022-11-22,第5回,国際,次のうち、合計特殊出生率が1を割り込んでいる国はどこか（2020年）。,韓国,○,選択肢：日本／韓国／北朝鮮／シンガポール。ジャンルは当方の判断,https://x.com/Chishikikentei/status/1594830558282096644
公式X,例題,1110,2022-11-25,第5回,生活,還暦を迎えた人に贈るちゃんちゃんこの色は何色か。,赤,,選択肢：赤／青／白／金。ジャンルは当方の判断,https://x.com/Chishikikentei/status/1595981749296959488
公式X,例題,1111,2022-11-29,第5回,スポーツ,次のうち、ソリ競技でないのはどれか。,ダウンヒル,,選択肢：ボブスレー／リュージュ／ダウンヒル／スケルトン。ジャンルは当方の判断,https://x.com/Chishikikentei/status/1597356941197553664
公式X,例題,1112,2022-11-30,第5回,芸術,ジャズミュージシャン上原ひろみが演奏している楽器は何か。,ピアノ,,選択肢：サックス／ベース／ドラム／ピアノ。ジャンルは当方の判断,https://x.com/Chishikikentei/status/1597747322082902016
公式X,例題,1113,2022-12-01,第5回,カルチャー,漫画『SPY×FAMILY』の作者は誰か。,遠藤達哉,○,選択肢：上木敬／遠藤達哉／甲本一／四谷啓太郎。ジャンルは当方の判断,https://x.com/Chishikikentei/status/1598076675157536768
公式X,例題,1114,2022-12-02,第5回,ことば,「亭主の好きな赤烏帽子」の意味は何か。,家長のいうことは絶対である,,選択肢：洒落もの／斬新な考えを出す／家長のいうことは絶対である／おだてられて気をよくする。ジャンルは当方の判断,https://x.com/Chishikikentei/status/1598455472088289281
公式X,例題,1115,2022-12-05,第5回,地理・歴史,カナダで人口のもっとも多い都市はどこか。,トロント,,選択肢：オタワ／モントリオール／バンクーバー／トロント。ジャンルは当方の判断,https://x.com/Chishikikentei/status/1599540052027412481
公式X,例題,1116,2022-12-06,第5回,政治・経済,国政選挙で、選出される議員数がもっとも多いのはどれか。,衆議院選挙区,,選択肢：衆議院選挙区／参議院選挙区／衆議院比例代表／参議院比例代表。正解は当方の判断（正解発表の投稿を確認できず）。ジャンルは当方の判断,https://x.com/Chishikikentei/status/1599898518965350400
公式X,例題,1117,2022-12-07,第5回,社会,クォータ制とは何に関する制度か。,男女平等,,選択肢：男女平等／医療／大学入試／社会保障。正解は当方の判断（正解発表の投稿を確認できず）。ジャンルは当方の判断,https://x.com/Chishikikentei/status/1600284987949219840
公式X,例題,1118,2022-12-08,第5回,国際,昨年（2021年）のSDGs達成度ランキングで1位となった国はどこか。,フィンランド,○,選択肢：ドイツ／オランダ／ベルギー／フィンランド。ジャンルは当方の判断,https://x.com/Chishikikentei/status/1600625895223758851
公式X,例題,1119,2022-12-09,第5回,自然科学,さそり座の心臓部に位置するα星は何か。,アンタレス,,選択肢：アンタレス／レグルス／カストル／アークトゥルス。ジャンルは当方の判断,https://x.com/Chishikikentei/status/1601007086288375808
公式X,例題,1120,2022-12-12,第5回,生活,フランス語で「溝のついた」という意味がある、ボルドー地方の焼き菓子は何か。,カヌレ,,選択肢：クグロフ／ダックワーズ／カヌレ／クイニーアマン。ジャンルは当方の判断,https://x.com/Chishikikentei/status/1602087632510459904
公式X,例題,1121,2022-12-13,第5回,カルチャー,「D.LEAGUE（Dリーグ）」は、何のプロリーグか。,ダンス,○,選択肢：ドッジボール／ダーツ／ダンス／ダブルダッチ。ジャンルは当方の判断,https://x.com/Chishikikentei/status/1602437075965739008
公式X,例題,1122,2022-12-14,第5回,芸術,『おぢいさんのランプ』『ごんぎつね』を書いた作家は誰か。,新美南吉,,選択肢：新美南吉／巌谷小波／浜田広介／坪田譲治。正解は当方の判断（正解発表の投稿を確認できず）。ジャンルは当方の判断。選択肢の「新見南吉」は「新美南吉」の誤記とみて修正,https://x.com/Chishikikentei/status/1602806949766389761
公式X,例題,1123,2022-12-15,第5回,カルチャー,「adieu」という名義で歌手活動をしている女優は誰か。,上白石萌歌,○,選択肢：上白石萌歌／森七菜／今田美桜／吉岡里帆。ジャンルは当方の判断,https://x.com/Chishikikentei/status/1603152987127308288
公式X,例題,1124,2022-12-21,第5回,社会,次のうち、マーケティングにおける「3C分析」の「3C」に含まれないものはどれか。,商品,,選択肢：顧客／自社／競合／商品。ジャンルは当方の判断,https://x.com/Chishikikentei/status/1605338786036346880
公式X,例題,1125,2022-12-22,第5回,国際,ラムサール条約とは次の何に関する条約か。,水辺の生態系保全,,選択肢：水辺の生態系保全／野生動植物の国際取引／遺伝子組み換え生物の規制／オゾン層の保護。ジャンルは当方の判断,https://x.com/Chishikikentei/status/1605704500324765697
公式X,例題,1126,2022-12-26,第5回,自然科学,次のうち、10年生存率が99％近いがんはどれか。,前立腺がん,,選択肢：食道がん／大腸がん／子宮頸がん／前立腺がん。ジャンルは当方の判断,https://x.com/Chishikikentei/status/1607150207032254464
公式X,例題,1127,2022-12-29,第5回,芸術,日本庭園で知られる足立美術館がある都道府県はどこか。,島根県,,選択肢：長野県／京都府／島根県／徳島県。正解は当方の判断（正解発表の投稿を確認できず）。ジャンルは当方の判断,https://x.com/Chishikikentei/status/1608229936539766784
公式X,例題,1128,2022-12-30,第5回,カルチャー,藤沢里菜は何のプロか。,囲碁,○,選択肢：囲碁／将棋／麻雀／ダーツ。ジャンルは当方の判断,https://x.com/Chishikikentei/status/1608603123119185921
Raise,パート1,1,2020年11月ごろ,,ことば,ことわざ「江戸の敵を○○で討つ」の○○,長崎,,正解は当方の知識による（元記事は回答ボタン式で本文に正解なし）,https://raise-quiz.com/tisikikentei1/
Raise,パート1,2,2020年11月ごろ,,地理・歴史,スエズ運河を建設したフランスの外交官,レセップス,,正解は当方の知識による（元記事は回答ボタン式で本文に正解なし）,https://raise-quiz.com/tisikikentei1/
Raise,パート1,3,2020年11月ごろ,,政治・経済,ニューディール政策を進めたアメリカ大統領,フランクリン・ルーズベルト,,正解は当方の知識による（元記事は回答ボタン式で本文に正解なし）,https://raise-quiz.com/tisikikentei1/
Raise,パート1,4,2020年11月ごろ,,社会,日本の法律で遺言を書ける年齢,15歳,,正解は当方の知識による（元記事は回答ボタン式で本文に正解なし）,https://raise-quiz.com/tisikikentei1/
Raise,パート1,5,2020年11月ごろ,,国際,国連事務総長グテーレスの出身国（2020年11月時点）,ポルトガル,○,正解は当方の知識による（元記事は回答ボタン式で本文に正解なし）,https://raise-quiz.com/tisikikentei1/
Raise,パート1,6,2020年11月ごろ,,自然科学,世界初の電池を発明し電圧の単位の由来になった物理学者,ボルタ,,正解は当方の知識による（元記事は回答ボタン式で本文に正解なし）,https://raise-quiz.com/tisikikentei1/
Raise,パート1,7,2020年11月ごろ,,生活,寿司屋の隠語「むらさき」,しょうゆ,,正解は当方の知識による（元記事は回答ボタン式で本文に正解なし）,https://raise-quiz.com/tisikikentei1/
Raise,パート1,8,2020年11月ごろ,,スポーツ,プロサッカーリーグ名と国の組み合わせで誤っているもの,フランス－エールディヴィジ,,正解は当方の知識による（元記事は回答ボタン式で本文に正解なし）,https://raise-quiz.com/tisikikentei1/
Raise,パート1,9,2020年11月ごろ,,芸術,六歌仙で唯一の女性,小野小町,,正解は当方の知識による（元記事は回答ボタン式で本文に正解なし）,https://raise-quiz.com/tisikikentei1/
Raise,パート1,10,2020年11月ごろ,,カルチャー,2019年に「キュン」でデビューしたアイドルグループ,日向坂46,○,正解は当方の知識による（元記事は回答ボタン式で本文に正解なし）,https://raise-quiz.com/tisikikentei1/
Raise,パート1,11,2020年11月ごろ,,ことば,「漁夫の利」でシギと争った貝,ハマグリ,,正解は当方の知識による（元記事は回答ボタン式で本文に正解なし）,https://raise-quiz.com/tisikikentei1/
Raise,パート1,12,2020年11月ごろ,,地理・歴史,三内丸山遺跡がある都道府県,青森県,,正解は当方の知識による（元記事は回答ボタン式で本文に正解なし）,https://raise-quiz.com/tisikikentei1/
Raise,パート1,13,2020年11月ごろ,,政治・経済,六法に含まれないもの,教育基本法,,正解は当方の知識による（元記事は回答ボタン式で本文に正解なし）,https://raise-quiz.com/tisikikentei1/
Raise,パート1,14,2020年11月ごろ,,社会,内閣府の外局でないもの,特許庁,,正解は当方の知識による（元記事は回答ボタン式で本文に正解なし）；特許庁は経済産業省の外局,https://raise-quiz.com/tisikikentei1/
Raise,パート1,15,2020年11月ごろ,,国際,2019年3月に首都をヌルスルタンに改名した国,カザフスタン,○,正解は当方の知識による（元記事は回答ボタン式で本文に正解なし）；首都名は2022年にアスタナに戻っている,https://raise-quiz.com/tisikikentei1/
Raise,パート1,16,2020年11月ごろ,,自然科学,ランゲルハンス島がある臓器,膵臓,,正解は当方の知識による（元記事は回答ボタン式で本文に正解なし）,https://raise-quiz.com/tisikikentei1/
Raise,パート1,17,2020年11月ごろ,,生活,ヒンドゥー教徒が神聖視し食べない動物,牛,,正解は当方の知識による（元記事は回答ボタン式で本文に正解なし）,https://raise-quiz.com/tisikikentei1/
Raise,パート1,18,2020年11月ごろ,,スポーツ,国際大会の柔道着の色（白と何色）,青,,正解は当方の知識による（元記事は回答ボタン式で本文に正解なし）,https://raise-quiz.com/tisikikentei1/
Raise,パート1,19,2020年11月ごろ,,芸術,ドヴォルザーク「新世界より」の新世界が指す国,アメリカ,,正解は当方の知識による（元記事は回答ボタン式で本文に正解なし）,https://raise-quiz.com/tisikikentei1/
Raise,パート1,20,2020年11月ごろ,,カルチャー,3人組のお笑いグループ,四千頭身,,正解は当方の知識による（元記事は回答ボタン式で本文に正解なし）,https://raise-quiz.com/tisikikentei1/
mare46,スポーツ編1st,1,,,スポーツ,アメフトのタッチダウンの得点,6点,,サイト閉鎖のため検索結果の要約から,https://mare46.com/975/
mare46,スポーツ編1st,2,,,スポーツ,第1回FIFAワールドカップの開催国・優勝国,ウルグアイ,,サイト閉鎖のため検索結果の要約から,https://mare46.com/975/
mare46,スポーツ編1st,3,,,スポーツ,野球のトリプルスリーの条件（打率3割・30本塁打と）,30盗塁,,サイト閉鎖のため検索結果の要約から,https://mare46.com/975/
mare46,スポーツ編1st,4,,,スポーツ,競泳でスタート・ターン後に潜水できる距離の上限,15m,,サイト閉鎖のため検索結果の要約から,https://mare46.com/975/
mare46,スポーツ編1st,5,,,スポーツ,ウサイン・ボルトの200m世界記録,19秒19,,サイト閉鎖のため検索結果の要約から,https://mare46.com/975/
mare46,スポーツ編1st,6,,,スポーツ,テニス四大大会でクレーコートの大会,全仏オープン,,サイト閉鎖のため検索結果の要約から,https://mare46.com/975/
covez,(1),1,2023-11-04,第6回,ことば,のどから実際に出るもの,声,,,https://www.covez.jp/school/kanto/kanagawa/yokohama/kanazawa/yokohamamutsuura/message/entry_21293.html
covez,(1),2,2023-11-04,第6回,地理・歴史,"1/25,000の地図で1cmは実際の何m",250m,,,https://www.covez.jp/school/kanto/kanagawa/yokohama/kanazawa/yokohamamutsuura/message/entry_21293.html
covez,(1),3,2023-11-04,第6回,政治・経済,衆議院の解散を決定するのは,内閣,,,https://www.covez.jp/school/kanto/kanagawa/yokohama/kanazawa/yokohamamutsuura/message/entry_21293.html
covez,(1),4,2023-11-04,第6回,社会,六法に含まれないもの,行政法,,,https://www.covez.jp/school/kanto/kanagawa/yokohama/kanazawa/yokohamamutsuura/message/entry_21293.html
covez,(1),5,2023-11-04,第6回,国際,2023年4月にNATOに加盟した国,フィンランド,○,,https://www.covez.jp/school/kanto/kanagawa/yokohama/kanazawa/yokohamamutsuura/message/entry_21293.html
covez,(1),6,2023-11-04,第6回,自然科学,トリチウムは何の同位体,水素,,,https://www.covez.jp/school/kanto/kanagawa/yokohama/kanazawa/yokohamamutsuura/message/entry_21293.html
covez,(1),7,2023-11-04,第6回,生活,2024年の国民の祝日の数,16,,,https://www.covez.jp/school/kanto/kanagawa/yokohama/kanazawa/yokohamamutsuura/message/entry_21293.html
covez,(1),8,2023-11-04,第6回,スポーツ,2023年の阪神タイガースのスローガン,A.R.E.,○,,https://www.covez.jp/school/kanto/kanagawa/yokohama/kanazawa/yokohamamutsuura/message/entry_21293.html
covez,(1),9,2023-11-04,第6回,芸術,『モナ・リザ』を所蔵する美術館,ルーブル,,,https://www.covez.jp/school/kanto/kanagawa/yokohama/kanazawa/yokohamamutsuura/message/entry_21293.html
covez,(1),10,2023-11-04,第6回,カルチャー,谷村新司「昴」のすばるがある星座,おうし座,,,https://www.covez.jp/school/kanto/kanagawa/yokohama/kanazawa/yokohamamutsuura/message/entry_21293.html
covez,(2),11,,第6回,ことば,正しい表現,柔よく剛を制す,,,https://www.covez.jp/school/kanto/kanagawa/yokohama/kanazawa/yokohamamutsuura/message/entry_22560.html
covez,(2),12,,第6回,地理・歴史,ハワイ諸島で最も大きい島,ハワイ島,,,https://www.covez.jp/school/kanto/kanagawa/yokohama/kanazawa/yokohamamutsuura/message/entry_22560.html
covez,(2),13,,第6回,政治・経済,国民負担率（2023年）,50%,○,,https://www.covez.jp/school/kanto/kanagawa/yokohama/kanazawa/yokohamamutsuura/message/entry_22560.html
covez,(2),14,,第6回,社会,日本の平均世帯人数（2022年）,2.25人,○,,https://www.covez.jp/school/kanto/kanagawa/yokohama/kanazawa/yokohamamutsuura/message/entry_22560.html
covez,(2),15,,第6回,国際,国際原子力機関（IAEA）の本部所在地,ウィーン,,,https://www.covez.jp/school/kanto/kanagawa/yokohama/kanazawa/yokohamamutsuura/message/entry_22560.html
covez,(2),16,,第6回,自然科学,熱伝導率がいちばん大きい物質,銀,,,https://www.covez.jp/school/kanto/kanagawa/yokohama/kanazawa/yokohamamutsuura/message/entry_22560.html
covez,(2),17,,第6回,生活,寺院が最も多い都道府県,愛知県,,,https://www.covez.jp/school/kanto/kanagawa/yokohama/kanazawa/yokohamamutsuura/message/entry_22560.html
covez,(2),18,,第6回,スポーツ,大相撲の仕切り線の間隔,70cm,,,https://www.covez.jp/school/kanto/kanagawa/yokohama/kanazawa/yokohamamutsuura/message/entry_22560.html
covez,(2),19,,第6回,芸術,シェイクスピアの四大悲劇で最初の作品,ハムレット,,,https://www.covez.jp/school/kanto/kanagawa/yokohama/kanazawa/yokohamamutsuura/message/entry_22560.html
covez,(2),20,,第6回,カルチャー,あのちゃんが所属していたグループ,ゆるめるモ！,○,,https://www.covez.jp/school/kanto/kanagawa/yokohama/kanazawa/yokohamamutsuura/message/entry_22560.html
covez,(5),41,,第6回,ことば,30歳の年齢異名,而立,,,https://www.covez.jp/school/kanto/kanagawa/yokohama/kanazawa/yokohamamutsuura/message/entry_22940.html
covez,(5),42,,第6回,地理・歴史,ラスベガスがある米国の州,ネバダ,,,https://www.covez.jp/school/kanto/kanagawa/yokohama/kanazawa/yokohamamutsuura/message/entry_22940.html
covez,(5),43,,第6回,政治・経済,日本国憲法の章の数,11,,,https://www.covez.jp/school/kanto/kanagawa/yokohama/kanazawa/yokohamamutsuura/message/entry_22940.html
covez,(5),44,,第6回,社会,電動キックボードを無免許で運転できる最高速度,20km/h,○,,https://www.covez.jp/school/kanto/kanagawa/yokohama/kanazawa/yokohamamutsuura/message/entry_22940.html
covez,(5),45,,第6回,国際,国連気候変動枠組条約締約国会議の略称,COP,,,https://www.covez.jp/school/kanto/kanagawa/yokohama/kanazawa/yokohamamutsuura/message/entry_22940.html
covez,(5),46,,第6回,自然科学,生体内実験を指す言葉,in vivo,,,https://www.covez.jp/school/kanto/kanagawa/yokohama/kanazawa/yokohamamutsuura/message/entry_22940.html
covez,(5),47,,第6回,生活,缶コーヒーで「無糖」と表示できる糖の量,0.5g,,,https://www.covez.jp/school/kanto/kanagawa/yokohama/kanazawa/yokohamamutsuura/message/entry_22940.html
covez,(5),48,,第6回,スポーツ,2028年夏季五輪の開催地,ロサンゼルス,○,,https://www.covez.jp/school/kanto/kanagawa/yokohama/kanazawa/yokohamamutsuura/message/entry_22940.html
covez,(5),49,,第6回,芸術,オーケストラの音合わせに使う楽器,オーボエ,,,https://www.covez.jp/school/kanto/kanagawa/yokohama/kanazawa/yokohamamutsuura/message/entry_22940.html
covez,(5),50,,第6回,カルチャー,マンガ大賞2023『これ描いて死ね』の作者,とよ田みのる,○,,https://www.covez.jp/school/kanto/kanagawa/yokohama/kanazawa/yokohamamutsuura/message/entry_22940.html
covez,(11),101,2024-10-25,第7回,ことば,「姑息な手段」の意味,一時しのぎ,,,https://www.covez.jp/school/kanto/kanagawa/yokohama/kanazawa/yokohamamutsuura/message/entry_31117.html
covez,(11),102,2024-10-25,第7回,地理・歴史,人口10万人以上の市が1つだけの東北の県,秋田県,,,https://www.covez.jp/school/kanto/kanagawa/yokohama/kanazawa/yokohamamutsuura/message/entry_31117.html
covez,(11),103,2024-10-25,第7回,政治・経済,石破茂は第何代総理大臣,102・103代,○,,https://www.covez.jp/school/kanto/kanagawa/yokohama/kanazawa/yokohamamutsuura/message/entry_31117.html
covez,(11),104,2024-10-25,第7回,社会,携帯電話向けに開放される電話番号,060,○,,https://www.covez.jp/school/kanto/kanagawa/yokohama/kanazawa/yokohamamutsuura/message/entry_31117.html
covez,(11),105,2024-10-25,第7回,国際,2024年3月にNATOに加盟した国,スウェーデン,○,,https://www.covez.jp/school/kanto/kanagawa/yokohama/kanazawa/yokohamamutsuura/message/entry_31117.html
covez,(11),106,2024-10-25,第7回,自然科学,回遊魚でないもの,タイ,,,https://www.covez.jp/school/kanto/kanagawa/yokohama/kanazawa/yokohamamutsuura/message/entry_31117.html
covez,(11),107,2024-10-25,第7回,生活,郵便はがき1枚の料金,85円,○,,https://www.covez.jp/school/kanto/kanagawa/yokohama/kanazawa/yokohamamutsuura/message/entry_31117.html
covez,(11),108,2024-10-25,第7回,スポーツ,パリ五輪の日本のメダル総数,45,○,,https://www.covez.jp/school/kanto/kanagawa/yokohama/kanazawa/yokohamamutsuura/message/entry_31117.html
covez,(11),109,2024-10-25,第7回,芸術,漫画家として初の文化勲章受章者,ちばてつや,○,,https://www.covez.jp/school/kanto/kanagawa/yokohama/kanazawa/yokohamamutsuura/message/entry_31117.html
covez,(11),110,2024-10-25,第7回,カルチャー,真田広之プロデュース「SHOGUN」が獲得した賞,エミー賞,○,,https://www.covez.jp/school/kanto/kanagawa/yokohama/kanazawa/yokohamamutsuura/message/entry_31117.html
covez,(12),111,2024-11-04,第7回,ことば,スペイン語「ケセラセラ」の意味,なるようになる,,,https://www.covez.jp/school/kanto/kanagawa/yokohama/kanazawa/yokohamamutsuura/message/entry_31559.html
covez,(12),112,2024-11-04,第7回,地理・歴史,オーストラリアで最も人口が多い都市,シドニー,,,https://www.covez.jp/school/kanto/kanagawa/yokohama/kanazawa/yokohamamutsuura/message/entry_31559.html
covez,(12),113,2024-11-04,第7回,政治・経済,国民民主党の代表,玉木雄一郎,○,,https://www.covez.jp/school/kanto/kanagawa/yokohama/kanazawa/yokohamamutsuura/message/entry_31559.html
covez,(12),114,2024-11-04,第7回,社会,ビジネス用語「アサイン」の意味,任命する,,,https://www.covez.jp/school/kanto/kanagawa/yokohama/kanazawa/yokohamamutsuura/message/entry_31559.html
covez,(12),115,2024-11-04,第7回,国際,2024年SDGs達成度ランキング1位の国,フィンランド,○,,https://www.covez.jp/school/kanto/kanagawa/yokohama/kanazawa/yokohamamutsuura/message/entry_31559.html
covez,(12),116,2024-11-04,第7回,自然科学,水上置換法に適さない気体,アンモニア,,,https://www.covez.jp/school/kanto/kanagawa/yokohama/kanazawa/yokohamamutsuura/message/entry_31559.html
covez,(12),117,2024-11-04,第7回,生活,未婚女性の第一礼装でないもの,黒留袖,,,https://www.covez.jp/school/kanto/kanagawa/yokohama/kanazawa/yokohamamutsuura/message/entry_31559.html
covez,(12),118,2024-11-04,第7回,スポーツ,大谷翔平の「50/50」は本塁打と何,盗塁,○,,https://www.covez.jp/school/kanto/kanagawa/yokohama/kanazawa/yokohamamutsuura/message/entry_31559.html
covez,(12),119,2024-11-04,第7回,芸術,ドイツの3Bに含まれない音楽家,ヘンデル,,,https://www.covez.jp/school/kanto/kanagawa/yokohama/kanazawa/yokohamamutsuura/message/entry_31559.html
covez,(12),120,2024-11-04,第7回,カルチャー,ディズニー映画の「ヴィラン」の役柄,悪役,,,https://www.covez.jp/school/kanto/kanagawa/yokohama/kanazawa/yokohamamutsuura/message/entry_31559.html
covez,(13),121,2024-11-06,第7回,ことば,誤った表現,勝利を治める,,,https://www.covez.jp/school/kanto/kanagawa/yokohama/kanazawa/yokohamamutsuura/message/entry_31570.html
covez,(13),122,2024-11-06,第7回,地理・歴史,ASEAN+3の「+3」に含まれない国,インド,,,https://www.covez.jp/school/kanto/kanagawa/yokohama/kanazawa/yokohamamutsuura/message/entry_31570.html
covez,(13),123,2024-11-06,第7回,政治・経済,国家の三要素に含まれないもの,法律,,,https://www.covez.jp/school/kanto/kanagawa/yokohama/kanazawa/yokohamamutsuura/message/entry_31570.html
covez,(13),124,2024-11-06,第7回,社会,全国知事会の会長（2024年11月）,村井嘉浩,○,,https://www.covez.jp/school/kanto/kanagawa/yokohama/kanazawa/yokohamamutsuura/message/entry_31570.html
covez,(13),125,2024-11-06,第7回,国際,ベトナムはどこから独立したか,フランス,,,https://www.covez.jp/school/kanto/kanagawa/yokohama/kanazawa/yokohamamutsuura/message/entry_31570.html
covez,(13),126,2024-11-06,第7回,自然科学,離弁花の植物,サクラ,,,https://www.covez.jp/school/kanto/kanagawa/yokohama/kanazawa/yokohamamutsuura/message/entry_31570.html
covez,(13),127,2024-11-06,第7回,生活,営業距離が最長の私鉄,近鉄,,,https://www.covez.jp/school/kanto/kanagawa/yokohama/kanazawa/yokohamamutsuura/message/entry_31570.html
covez,(13),128,2024-11-06,第7回,スポーツ,愛称「バードジャパン」の競技,バドミントン,,,https://www.covez.jp/school/kanto/kanagawa/yokohama/kanazawa/yokohamamutsuura/message/entry_31570.html
covez,(13),129,2024-11-06,第7回,芸術,2年に一度の国際美術展の名称,ビエンナーレ,,,https://www.covez.jp/school/kanto/kanagawa/yokohama/kanazawa/yokohamamutsuura/message/entry_31570.html
covez,(13),130,2024-11-06,第7回,カルチャー,『ふしぎ駄菓子屋 銭天堂』の原作者,廣嶋玲子,,,https://www.covez.jp/school/kanto/kanagawa/yokohama/kanazawa/yokohamamutsuura/message/entry_31570.html
covez,(14),131,2024-11-16,第7回,ことば,「桑年」は何歳,48歳,,,https://www.covez.jp/school/kanto/kanagawa/yokohama/kanazawa/yokohamamutsuura/message/entry_31755.html
covez,(14),132,2024-11-16,第7回,地理・歴史,人口密度が世界で最も高い国（2023年）,シンガポール,,,https://www.covez.jp/school/kanto/kanagawa/yokohama/kanazawa/yokohamamutsuura/message/entry_31755.html
covez,(14),133,2024-11-16,第7回,政治・経済,最も早くオンブズマン制度を導入した政令指定都市,川崎市,,,https://www.covez.jp/school/kanto/kanagawa/yokohama/kanazawa/yokohamamutsuura/message/entry_31755.html
covez,(14),134,2024-11-16,第7回,社会,軽自動車の排気量の上限,660cc,,,https://www.covez.jp/school/kanto/kanagawa/yokohama/kanazawa/yokohamamutsuura/message/entry_31755.html
covez,(14),135,2024-11-16,第7回,国際,ダボス会議が開かれる国,スイス,,,https://www.covez.jp/school/kanto/kanagawa/yokohama/kanazawa/yokohamamutsuura/message/entry_31755.html
covez,(14),136,2024-11-16,第7回,自然科学,面の形がほかと異なる正多面体,正六面体,,,https://www.covez.jp/school/kanto/kanagawa/yokohama/kanazawa/yokohamamutsuura/message/entry_31755.html
covez,(14),137,2024-11-16,第7回,生活,酉の市が行われる月,11月,,,https://www.covez.jp/school/kanto/kanagawa/yokohama/kanazawa/yokohamamutsuura/message/entry_31755.html
covez,(14),138,2024-11-16,第7回,スポーツ,Jリーグのチームがない県の数（2024年）,6,○,,https://www.covez.jp/school/kanto/kanagawa/yokohama/kanazawa/yokohamamutsuura/message/entry_31755.html
covez,(14),139,2024-11-16,第7回,芸術,モネの代表作,印象・日の出,,,https://www.covez.jp/school/kanto/kanagawa/yokohama/kanazawa/yokohamamutsuura/message/entry_31755.html
covez,(14),140,2024-11-16,第7回,カルチャー,「釣りバカ日誌」の主人公の名前,浜崎伝助,,,https://www.covez.jp/school/kanto/kanagawa/yokohama/kanazawa/yokohamamutsuura/message/entry_31755.html
covez,(15),141,2024-11-22,第7回,ことば,湯桶読みの熟語,雨具,,,https://www.covez.jp/school/kanto/kanagawa/yokohama/kanazawa/yokohamamutsuura/message/entry_31858.html
covez,(15),142,2024-11-22,第7回,地理・歴史,ニューヨークとロサンゼルスの時差,3時間,,,https://www.covez.jp/school/kanto/kanagawa/yokohama/kanazawa/yokohamamutsuura/message/entry_31858.html
covez,(15),143,2024-11-22,第7回,政治・経済,百条委員会の根拠となる法律,地方自治法,,,https://www.covez.jp/school/kanto/kanagawa/yokohama/kanazawa/yokohamamutsuura/message/entry_31858.html
covez,(15),144,2024-11-22,第7回,社会,2024年11月に罰則が強化された自転車の危険運転,ながらスマホ運転,○,,https://www.covez.jp/school/kanto/kanagawa/yokohama/kanazawa/yokohamamutsuura/message/entry_31858.html
covez,(15),145,2024-11-22,第7回,国際,中国の一人っ子政策が廃止された年,2015年,,,https://www.covez.jp/school/kanto/kanagawa/yokohama/kanazawa/yokohamamutsuura/message/entry_31858.html
covez,(15),146,2024-11-22,第7回,自然科学,はくちょう座にある星雲,北アメリカ星雲,,,https://www.covez.jp/school/kanto/kanagawa/yokohama/kanazawa/yokohamamutsuura/message/entry_31858.html
covez,(15),147,2024-11-22,第7回,生活,航空機の通路側座席の呼び方,アイル,,,https://www.covez.jp/school/kanto/kanagawa/yokohama/kanazawa/yokohamamutsuura/message/entry_31858.html
covez,(15),148,2024-11-22,第7回,スポーツ,2034年冬季五輪の開催地,ソルトレークシティ,○,,https://www.covez.jp/school/kanto/kanagawa/yokohama/kanazawa/yokohamamutsuura/message/entry_31858.html
covez,(15),149,2024-11-22,第7回,芸術,ウォルト・ディズニー最初の長編映画,白雪姫,,,https://www.covez.jp/school/kanto/kanagawa/yokohama/kanazawa/yokohamamutsuura/message/entry_31858.html
covez,(15),150,2024-11-22,第7回,カルチャー,マンガ大賞2024『君と宇宙を歩くために』の作者,泥ノ田犬彦,○,,https://www.covez.jp/school/kanto/kanagawa/yokohama/kanazawa/yokohamamutsuura/message/entry_31858.html
covez,(16),151,2024-12-03,第7回,ことば,「鶴の一声」に対して「雀の何声」,千,,,https://www.covez.jp/school/kanto/kanagawa/yokohama/kanazawa/yokohamamutsuura/message/entry_31939.html
covez,(16),152,2024-12-03,第7回,地理・歴史,四国八十八か所の88番札所がある県,香川県,,,https://www.covez.jp/school/kanto/kanagawa/yokohama/kanazawa/yokohamamutsuura/message/entry_31939.html
covez,(16),153,2024-12-03,第7回,政治・経済,公職選挙法を所管する省,総務省,,,https://www.covez.jp/school/kanto/kanagawa/yokohama/kanazawa/yokohamamutsuura/message/entry_31939.html
covez,(16),154,2024-12-03,第7回,社会,長期間使われていない預金の呼び名,睡眠預金,,,https://www.covez.jp/school/kanto/kanagawa/yokohama/kanazawa/yokohamamutsuura/message/entry_31939.html
covez,(16),155,2024-12-03,第7回,国際,2024年11月に16歳未満のSNS利用禁止法を可決した国,オーストラリア,○,,https://www.covez.jp/school/kanto/kanagawa/yokohama/kanazawa/yokohamamutsuura/message/entry_31939.html
covez,(16),156,2024-12-03,第7回,自然科学,計算の答えがほかと異なるもの,-1の1乗,,,https://www.covez.jp/school/kanto/kanagawa/yokohama/kanazawa/yokohamamutsuura/message/entry_31939.html
covez,(16),157,2024-12-03,第7回,生活,利尻・羅臼が名産地の海藻,昆布,,,https://www.covez.jp/school/kanto/kanagawa/yokohama/kanazawa/yokohamamutsuura/message/entry_31939.html
covez,(16),158,2024-12-03,第7回,スポーツ,2025年に行われる国際大会,世界陸上,○,,https://www.covez.jp/school/kanto/kanagawa/yokohama/kanazawa/yokohamamutsuura/message/entry_31939.html
covez,(16),159,2024-12-03,第7回,芸術,ガムランはどこの国の民族楽器,インドネシア,,,https://www.covez.jp/school/kanto/kanagawa/yokohama/kanazawa/yokohamamutsuura/message/entry_31939.html
covez,(16),160,2024-12-03,第7回,カルチャー,「極悪女王」でゆりやんが演じたレスラー,ダンプ松本,○,,https://www.covez.jp/school/kanto/kanagawa/yokohama/kanazawa/yokohamamutsuura/message/entry_31939.html
covez,(17),161,2024-12-14,第7回,ことば,「窓」の部首,あなかんむり,,,https://www.covez.jp/school/kanto/kanagawa/yokohama/kanazawa/yokohamamutsuura/message/entry_32277.html
covez,(17),162,2024-12-14,第7回,地理・歴史,中国の省の数（台湾を除く）,22,,,https://www.covez.jp/school/kanto/kanagawa/yokohama/kanazawa/yokohamamutsuura/message/entry_32277.html
covez,(17),163,2024-12-14,第7回,政治・経済,通常国会の会期,150日,,,https://www.covez.jp/school/kanto/kanagawa/yokohama/kanazawa/yokohamamutsuura/message/entry_32277.html
covez,(17),164,2024-12-14,第7回,社会,TSMCが日本初の工場を完成させた県,熊本県,○,,https://www.covez.jp/school/kanto/kanagawa/yokohama/kanazawa/yokohamamutsuura/message/entry_32277.html
covez,(17),165,2024-12-14,第7回,国際,ユーロの補助通貨単位,セント,,,https://www.covez.jp/school/kanto/kanagawa/yokohama/kanazawa/yokohamamutsuura/message/entry_32277.html
covez,(17),166,2024-12-14,第7回,自然科学,ビッグバンが起きたのは何年前,138億年前,,,https://www.covez.jp/school/kanto/kanagawa/yokohama/kanazawa/yokohamamutsuura/message/entry_32277.html
covez,(17),167,2024-12-14,第7回,生活,スラング「R.I.P.」に関係するもの,葬,,,https://www.covez.jp/school/kanto/kanagawa/yokohama/kanazawa/yokohamamutsuura/message/entry_32277.html
covez,(17),168,2024-12-14,第7回,スポーツ,2024年の男子ゴルフ賞金王,金谷拓実,○,,https://www.covez.jp/school/kanto/kanagawa/yokohama/kanazawa/yokohamamutsuura/message/entry_32277.html
covez,(17),169,2024-12-14,第7回,芸術,『民衆を導く自由の女神』を所蔵する美術館,ルーブル美術館,,,https://www.covez.jp/school/kanto/kanagawa/yokohama/kanazawa/yokohamamutsuura/message/entry_32277.html
covez,(17),170,2024-12-14,第7回,カルチャー,「APT.」を歌うROSÉが所属するグループ,BLACKPINK,○,,https://www.covez.jp/school/kanto/kanagawa/yokohama/kanazawa/yokohamamutsuura/message/entry_32277.html
covez,(18),171,2024-12-21,第7回,ことば,最もふさわしい表現,好評を博している,,,https://www.covez.jp/school/kanto/kanagawa/yokohama/kanazawa/yokohamamutsuura/message/entry_32330.html
covez,(18),172,2024-12-21,第7回,地理・歴史,面積が最も小さい大陸,オーストラリア大陸,,,https://www.covez.jp/school/kanto/kanagawa/yokohama/kanazawa/yokohamamutsuura/message/entry_32330.html
covez,(18),173,2024-12-21,第7回,政治・経済,こども家庭庁はどこの外局,内閣府,○,,https://www.covez.jp/school/kanto/kanagawa/yokohama/kanazawa/yokohamamutsuura/message/entry_32330.html
covez,(18),174,2024-12-21,第7回,社会,空港などを表す3文字の略号,スリーレターコード,,,https://www.covez.jp/school/kanto/kanagawa/yokohama/kanazawa/yokohamamutsuura/message/entry_32330.html
covez,(18),175,2024-12-21,第7回,国際,OECD諸国でエネルギー自給率が最も高い国,ノルウェー,,,https://www.covez.jp/school/kanto/kanagawa/yokohama/kanazawa/yokohamamutsuura/message/entry_32330.html
covez,(18),176,2024-12-21,第7回,自然科学,PFASに含まれる元素,フッ素,,,https://www.covez.jp/school/kanto/kanagawa/yokohama/kanazawa/yokohamamutsuura/message/entry_32330.html
covez,(18),177,2024-12-21,第7回,生活,祝日法で「自由と平和を愛し」とされる日,文化の日,,,https://www.covez.jp/school/kanto/kanagawa/yokohama/kanazawa/yokohamamutsuura/message/entry_32330.html
covez,(18),178,2024-12-21,第7回,スポーツ,オブスタクル競技の導入が検討されている大会,オリンピック,○,,https://www.covez.jp/school/kanto/kanagawa/yokohama/kanazawa/yokohamamutsuura/message/entry_32330.html
covez,(18),179,2024-12-21,第7回,芸術,未完成の絵画,モナリザ,,,https://www.covez.jp/school/kanto/kanagawa/yokohama/kanazawa/yokohamamutsuura/message/entry_32330.html
covez,(18),180,2024-12-21,第7回,カルチャー,劇団四季が2025年4月にミュージカル化する映画,バック・トゥ・ザ・フューチャー,○,,https://www.covez.jp/school/kanto/kanagawa/yokohama/kanazawa/yokohamamutsuura/message/entry_32330.html
covez,(19),181,2024-12-29,第7回,ことば,「とき」「こと」に連なる活用形,連体形,,,https://www.covez.jp/school/kanto/kanagawa/yokohama/kanazawa/yokohamamutsuura/message/entry_32567.html
covez,(19),182,2024-12-29,第7回,地理・歴史,坂本龍馬らが長崎で興した商社,亀山社中,,,https://www.covez.jp/school/kanto/kanagawa/yokohama/kanazawa/yokohamamutsuura/message/entry_32567.html
covez,(19),183,2024-12-29,第7回,政治・経済,軍事同盟でないもの,東南アジア諸国連合,,,https://www.covez.jp/school/kanto/kanagawa/yokohama/kanazawa/yokohamamutsuura/message/entry_32567.html
covez,(19),184,2024-12-29,第7回,社会,モーダルシフトを所管する省,国土交通省,,,https://www.covez.jp/school/kanto/kanagawa/yokohama/kanazawa/yokohamamutsuura/message/entry_32567.html
covez,(19),185,2024-12-29,第7回,国際,韓国の与党（2024年12月）,国民の力,○,,https://www.covez.jp/school/kanto/kanagawa/yokohama/kanazawa/yokohamamutsuura/message/entry_32567.html
covez,(19),186,2024-12-29,第7回,自然科学,日本で最も多いABO血液型,A型,,,https://www.covez.jp/school/kanto/kanagawa/yokohama/kanazawa/yokohamamutsuura/message/entry_32567.html
covez,(19),187,2024-12-29,第7回,生活,2025年2月14日抽選分のロト7の1等賞金,7億円,○,,https://www.covez.jp/school/kanto/kanagawa/yokohama/kanazawa/yokohamamutsuura/message/entry_32567.html
covez,(19),188,2024-12-29,第7回,スポーツ,上地結衣がパリ・パラリンピックで出場した競技,車いすテニス,○,,https://www.covez.jp/school/kanto/kanagawa/yokohama/kanazawa/yokohamamutsuura/message/entry_32567.html
covez,(19),189,2024-12-29,第7回,芸術,足立美術館がある島根県の市,安来市,,,https://www.covez.jp/school/kanto/kanagawa/yokohama/kanazawa/yokohamamutsuura/message/entry_32567.html
covez,(19),190,2024-12-29,第7回,カルチャー,2026年NHK大河ドラマのタイトル,豊臣兄弟！,○,,https://www.covez.jp/school/kanto/kanagawa/yokohama/kanazawa/yokohamamutsuura/message/entry_32567.html
covez,(20),191,2025-01-16,第7回,ことば,「歯牙にもかけない」の意味,問題にしていない,,,https://www.covez.jp/school/kanto/kanagawa/yokohama/kanazawa/yokohamamutsuura/message/entry_32896.html
covez,(20),192,2025-01-16,第7回,地理・歴史,世界最大の国立公園がある国,デンマーク,,,https://www.covez.jp/school/kanto/kanagawa/yokohama/kanazawa/yokohamamutsuura/message/entry_32896.html
covez,(20),193,2025-01-16,第7回,政治・経済,NISAの対象年齢,18歳,,,https://www.covez.jp/school/kanto/kanagawa/yokohama/kanazawa/yokohamamutsuura/message/entry_32896.html
covez,(20),194,2025-01-16,第7回,社会,2025年の後期高齢者の割合（約何人に1人）,4人,○,,https://www.covez.jp/school/kanto/kanagawa/yokohama/kanazawa/yokohamamutsuura/message/entry_32896.html
covez,(20),195,2025-01-16,第7回,国際,ハマスの活動地域でない場所,シリア,,,https://www.covez.jp/school/kanto/kanagawa/yokohama/kanazawa/yokohamamutsuura/message/entry_32896.html
covez,(20),196,2025-01-16,第7回,自然科学,猿橋賞の対象年齢の上限,50歳,,,https://www.covez.jp/school/kanto/kanagawa/yokohama/kanazawa/yokohamamutsuura/message/entry_32896.html
covez,(20),197,2025-01-16,第7回,生活,2024年4月に義務化された相続関連の手続き,不動産の相続登記,○,,https://www.covez.jp/school/kanto/kanagawa/yokohama/kanazawa/yokohamamutsuura/message/entry_32896.html
covez,(20),198,2025-01-16,第7回,スポーツ,Xスポーツの「X」,エクストリーム,,,https://www.covez.jp/school/kanto/kanagawa/yokohama/kanazawa/yokohamamutsuura/message/entry_32896.html
covez,(20),199,2025-01-16,第7回,芸術,ヴェルサイユ宮殿の建築様式,バロック建築,,,https://www.covez.jp/school/kanto/kanagawa/yokohama/kanazawa/yokohamamutsuura/message/entry_32896.html
covez,(20),200,2025-01-16,第7回,カルチャー,『Minecraft』のジャンル,サンドボックス,,,https://www.covez.jp/school/kanto/kanagawa/yokohama/kanazawa/yokohamamutsuura/message/entry_32896.html
covez,(21),201,2025-10-23,第8回,ことば,入道雲の数え方,座,,,https://www.covez.jp/school/kanto/kanagawa/yokohama/kanazawa/yokohamamutsuura/message/entry_38993.html
covez,(21),202,2025-10-23,第8回,地理・歴史,越前市がある県,福井県,,,https://www.covez.jp/school/kanto/kanagawa/yokohama/kanazawa/yokohamamutsuura/message/entry_38993.html
covez,(21),203,2025-10-23,第8回,政治・経済,高市早苗は第何代総理大臣,104代,○,,https://www.covez.jp/school/kanto/kanagawa/yokohama/kanazawa/yokohamamutsuura/message/entry_38993.html
covez,(21),204,2025-10-23,第8回,社会,生成AIでないもの,Google Chrome,○,,https://www.covez.jp/school/kanto/kanagawa/yokohama/kanazawa/yokohamamutsuura/message/entry_38993.html
covez,(21),205,2025-10-23,第8回,国際,世界最大のハブ空港（2024年）,ヒースロー空港,○,選択肢は仁川・クアラルンプール・JFK・ヒースロー,https://www.covez.jp/school/kanto/kanagawa/yokohama/kanazawa/yokohamamutsuura/message/entry_38993.html
covez,(21),206,2025-10-23,第8回,自然科学,坂口志文氏が受賞したノーベル賞,生理学・医学賞,○,,https://www.covez.jp/school/kanto/kanagawa/yokohama/kanazawa/yokohamamutsuura/message/entry_38993.html
covez,(21),207,2025-10-23,第8回,生活,NTTの無料サービス,災害用伝言ダイヤル,,,https://www.covez.jp/school/kanto/kanagawa/yokohama/kanazawa/yokohamamutsuura/message/entry_38993.html
covez,(21),208,2025-10-23,第8回,スポーツ,2028年ロス五輪で実施されない競技,キックボクシング,○,,https://www.covez.jp/school/kanto/kanagawa/yokohama/kanazawa/yokohamamutsuura/message/entry_38993.html
covez,(21),209,2025-10-23,第8回,芸術,唱歌「春よ来い」に出てくる花,桃,,,https://www.covez.jp/school/kanto/kanagawa/yokohama/kanazawa/yokohamamutsuura/message/entry_38993.html
covez,(21),210,2025-10-23,第8回,カルチャー,朝ドラ「風、薫る」の主演,見上愛,○,,https://www.covez.jp/school/kanto/kanagawa/yokohama/kanazawa/yokohamamutsuura/message/entry_38993.html
covez,(22),211,2025-11-13,第8回,ことば,冬の季語,オリオン,,,https://www.covez.jp/school/kanto/kanagawa/yokohama/kanazawa/yokohamamutsuura/message/entry_39115.html
covez,(22),212,2025-11-13,第8回,地理・歴史,EU加盟国で人口が最も多い国,ドイツ,,,https://www.covez.jp/school/kanto/kanagawa/yokohama/kanazawa/yokohamamutsuura/message/entry_39115.html
covez,(22),213,2025-11-13,第8回,政治・経済,「代議士」とはどの議員,衆議院議員,,,https://www.covez.jp/school/kanto/kanagawa/yokohama/kanazawa/yokohamamutsuura/message/entry_39115.html
covez,(22),214,2025-11-13,第8回,社会,外国人労働者数（2024年10月末）,230万人,○,,https://www.covez.jp/school/kanto/kanagawa/yokohama/kanazawa/yokohamamutsuura/message/entry_39115.html
covez,(22),215,2025-11-13,第8回,国際,2025年10月にASEANに加盟した国,東ティモール,○,,https://www.covez.jp/school/kanto/kanagawa/yokohama/kanazawa/yokohamamutsuura/message/entry_39115.html
covez,(22),216,2025-11-13,第8回,自然科学,新生代に含まれない地質時代,三畳紀,,,https://www.covez.jp/school/kanto/kanagawa/yokohama/kanazawa/yokohamamutsuura/message/entry_39115.html
covez,(22),217,2025-11-13,第8回,生活,七福神で唯一日本由来の神,恵比寿,,,https://www.covez.jp/school/kanto/kanagawa/yokohama/kanazawa/yokohamamutsuura/message/entry_39115.html
covez,(22),218,2025-11-13,第8回,スポーツ,本拠地がアメリカにないメジャー球団,ブルージェイズ,,,https://www.covez.jp/school/kanto/kanagawa/yokohama/kanazawa/yokohamamutsuura/message/entry_39115.html
covez,(22),219,2025-11-13,第8回,芸術,ベートーヴェンの交響曲の数,9,,,https://www.covez.jp/school/kanto/kanagawa/yokohama/kanazawa/yokohamamutsuura/message/entry_39115.html
covez,(22),220,2025-11-13,第8回,カルチャー,「ラブブ」の発祥地,香港,○,,https://www.covez.jp/school/kanto/kanagawa/yokohama/kanazawa/yokohamamutsuura/message/entry_39115.html
covez,(23),221,2025-11-18,第8回,ことば,「付かぬ事」の意味,それまでの話と関係のないこと,,,https://www.covez.jp/school/kanto/kanagawa/yokohama/kanazawa/yokohamamutsuura/message/entry_39595.html
covez,(23),222,2025-11-18,第8回,地理・歴史,北方領土4島の総面積,"約5,000km²",,,https://www.covez.jp/school/kanto/kanagawa/yokohama/kanazawa/yokohamamutsuura/message/entry_39595.html
covez,(23),223,2025-11-18,第8回,政治・経済,「ペルソナ・ノン・グラータ」の意味,好ましからざる人物,,,https://www.covez.jp/school/kanto/kanagawa/yokohama/kanazawa/yokohamamutsuura/message/entry_39595.html
covez,(23),224,2025-11-18,第8回,社会,国際観光旅客税の金額,"1,000円",,,https://www.covez.jp/school/kanto/kanagawa/yokohama/kanazawa/yokohamamutsuura/message/entry_39595.html
covez,(23),225,2025-11-18,第8回,国際,2025年11月にアメリカ造幣局が製造をやめた硬貨,1セント,○,,https://www.covez.jp/school/kanto/kanagawa/yokohama/kanazawa/yokohamamutsuura/message/entry_39595.html
covez,(23),226,2025-11-18,第8回,自然科学,花の構造でいちばん外側にあるもの,花弁,,掲載上の正解は③花弁だが、選択肢②がくが一般には正しい。元記事の誤りとみられる,https://www.covez.jp/school/kanto/kanagawa/yokohama/kanazawa/yokohamamutsuura/message/entry_39595.html
covez,(23),227,2025-11-18,第8回,生活,男女とも厄年になる年齢（数え年）,61,,,https://www.covez.jp/school/kanto/kanagawa/yokohama/kanazawa/yokohamamutsuura/message/entry_39595.html
covez,(23),228,2025-11-18,第8回,スポーツ,2026年に創設されるプロ野球の賞,長嶋茂雄賞,○,,https://www.covez.jp/school/kanto/kanagawa/yokohama/kanazawa/yokohamamutsuura/message/entry_39595.html
covez,(23),229,2025-11-18,第8回,芸術,ジャマイカ発祥でない音楽ジャンル,カリプソ,,,https://www.covez.jp/school/kanto/kanagawa/yokohama/kanazawa/yokohamamutsuura/message/entry_39595.html
covez,(23),230,2025-11-18,第8回,カルチャー,FRUITS ZIPPERのメンバー数,7,○,,https://www.covez.jp/school/kanto/kanagawa/yokohama/kanazawa/yokohamamutsuura/message/entry_39595.html
covez,(24),231,2025-11-21,第8回,ことば,「夜の帳」とはいつごろ,暗くなるとき,,,https://www.covez.jp/school/kanto/kanagawa/yokohama/kanazawa/yokohamamutsuura/message/entry_39623.html
covez,(24),232,2025-11-21,第8回,地理・歴史,『新古今和歌集』が編まれた時代,鎌倉時代,,,https://www.covez.jp/school/kanto/kanagawa/yokohama/kanazawa/yokohamamutsuura/message/entry_39623.html
covez,(24),233,2025-11-21,第8回,政治・経済,「配当落ち」の意味,配当を受け取る権利を失った状態,,,https://www.covez.jp/school/kanto/kanagawa/yokohama/kanazawa/yokohamamutsuura/message/entry_39623.html
covez,(24),234,2025-11-21,第8回,社会,少年事件の処分を決める裁判所,家庭裁判所,,,https://www.covez.jp/school/kanto/kanagawa/yokohama/kanazawa/yokohamamutsuura/message/entry_39623.html
covez,(24),235,2025-11-21,第8回,国際,原子力潜水艦を保有する国,インド,,,https://www.covez.jp/school/kanto/kanagawa/yokohama/kanazawa/yokohamamutsuura/message/entry_39623.html
covez,(24),236,2025-11-21,第8回,自然科学,源氏星・平家星がある星座,オリオン座,,,https://www.covez.jp/school/kanto/kanagawa/yokohama/kanazawa/yokohamamutsuura/message/entry_39623.html
covez,(24),237,2025-11-21,第8回,生活,料理の「さしすせそ」に入らないもの,さけ,,,https://www.covez.jp/school/kanto/kanagawa/yokohama/kanazawa/yokohamamutsuura/message/entry_39623.html
covez,(24),238,2025-11-21,第8回,スポーツ,国立競技場の命名権を得た金融グループ,MUFG,○,,https://www.covez.jp/school/kanto/kanagawa/yokohama/kanazawa/yokohamamutsuura/message/entry_39623.html
covez,(24),239,2025-11-21,第8回,芸術,オランダ出身でない画家,セザンヌ,,,https://www.covez.jp/school/kanto/kanagawa/yokohama/kanazawa/yokohamamutsuura/message/entry_39623.html
covez,(24),240,2025-11-21,第8回,カルチャー,マンガ大賞2025の受賞作,ありす、宇宙までも,○,,https://www.covez.jp/school/kanto/kanagawa/yokohama/kanazawa/yokohamamutsuura/message/entry_39623.html
covez,(25),241,2025-11-27,第8回,ことば,「魔がさす」の「さす」の漢字,差す,,,https://www.covez.jp/school/kanto/kanagawa/yokohama/kanazawa/yokohamamutsuura/message/entry_39686.html
covez,(25),242,2025-11-27,第8回,地理・歴史,デスバレー国立公園がある砂漠,モハベ砂漠,,,https://www.covez.jp/school/kanto/kanagawa/yokohama/kanazawa/yokohamamutsuura/message/entry_39686.html
covez,(25),243,2025-11-27,第8回,政治・経済,「通貨再膨張」の訳語,リフレーション,,,https://www.covez.jp/school/kanto/kanagawa/yokohama/kanazawa/yokohamamutsuura/message/entry_39686.html
covez,(25),244,2025-11-27,第8回,社会,労働基準法改正で検討される連続勤務の上限,14日,○,,https://www.covez.jp/school/kanto/kanagawa/yokohama/kanazawa/yokohamamutsuura/message/entry_39686.html
covez,(25),245,2025-11-27,第8回,国際,G7でパレスチナを国家承認した最初の国,カナダ,○,,https://www.covez.jp/school/kanto/kanagawa/yokohama/kanazawa/yokohamamutsuura/message/entry_39686.html
covez,(25),246,2025-11-27,第8回,自然科学,アルカリ性で赤くなる試薬,フェノールフタレイン溶液,,,https://www.covez.jp/school/kanto/kanagawa/yokohama/kanazawa/yokohamamutsuura/message/entry_39686.html
covez,(25),247,2025-11-27,第8回,生活,「青春18きっぷ」の説明で誤っているもの,譲渡不可,○,,https://www.covez.jp/school/kanto/kanagawa/yokohama/kanazawa/yokohamamutsuura/message/entry_39686.html
covez,(25),248,2025-11-27,第8回,スポーツ,2027年世界陸上の開催国,中国,○,,https://www.covez.jp/school/kanto/kanagawa/yokohama/kanazawa/yokohamamutsuura/message/entry_39686.html
covez,(25),249,2025-11-27,第8回,芸術,イソップ童話でライオンに助けられる動物,ネズミ,,,https://www.covez.jp/school/kanto/kanagawa/yokohama/kanazawa/yokohamamutsuura/message/entry_39686.html
covez,(25),250,2025-11-27,第8回,カルチャー,麻雀の上がりを意味する言葉,ロン,,,https://www.covez.jp/school/kanto/kanagawa/yokohama/kanazawa/yokohamamutsuura/message/entry_39686.html
covez,(26),251,2025-11-30,第8回,ことば,「十指の指す所」の意味,正しい,,,https://www.covez.jp/school/kanto/kanagawa/yokohama/kanazawa/yokohamamutsuura/message/entry_39836.html
covez,(26),252,2025-11-30,第8回,地理・歴史,ダカール・ラリーのダカールがある国,セネガル,,,https://www.covez.jp/school/kanto/kanagawa/yokohama/kanazawa/yokohamamutsuura/message/entry_39836.html
covez,(26),253,2025-11-30,第8回,政治・経済,公益通報者保護法を所管する機関,消費者庁,,,https://www.covez.jp/school/kanto/kanagawa/yokohama/kanazawa/yokohamamutsuura/message/entry_39836.html
covez,(26),254,2025-11-30,第8回,社会,深夜労働の割増賃金の最低率,25%,,,https://www.covez.jp/school/kanto/kanagawa/yokohama/kanazawa/yokohamamutsuura/message/entry_39836.html
covez,(26),255,2025-11-30,第8回,国際,日本の出国税（国際観光旅客税）の金額,"1,000円",,,https://www.covez.jp/school/kanto/kanagawa/yokohama/kanazawa/yokohamamutsuura/message/entry_39836.html
covez,(26),256,2025-11-30,第8回,自然科学,再生可能エネルギーでないもの,原子力,,,https://www.covez.jp/school/kanto/kanagawa/yokohama/kanazawa/yokohamamutsuura/message/entry_39836.html
covez,(26),257,2025-11-30,第8回,生活,高齢運転者標識を表示する努力義務の年齢,70歳,,,https://www.covez.jp/school/kanto/kanagawa/yokohama/kanazawa/yokohamamutsuura/message/entry_39836.html
covez,(26),258,2025-11-30,第8回,スポーツ,メジャーリーグの球団数,30,,,https://www.covez.jp/school/kanto/kanagawa/yokohama/kanazawa/yokohamamutsuura/message/entry_39836.html
covez,(26),259,2025-11-30,第8回,芸術,コンガ・ボンゴの起源の国,キューバ,,,https://www.covez.jp/school/kanto/kanagawa/yokohama/kanazawa/yokohamamutsuura/message/entry_39836.html
covez,(26),260,2025-11-30,第8回,カルチャー,こっちのけんとの実兄,菅田将暉,○,,https://www.covez.jp/school/kanto/kanagawa/yokohama/kanazawa/yokohamamutsuura/message/entry_39836.html
covez,(27),261,2025-12-09,第8回,ことば,「埒が明かない」の「埒」とは,馬場の柵,,,https://www.covez.jp/school/kanto/kanagawa/yokohama/kanazawa/yokohamamutsuura/message/entry_39932.html
covez,(27),262,2025-12-09,第8回,地理・歴史,日本最大の砂丘,猿ヶ森砂丘,,,https://www.covez.jp/school/kanto/kanagawa/yokohama/kanazawa/yokohamamutsuura/message/entry_39932.html
covez,(27),263,2025-12-09,第8回,政治・経済,柏崎刈羽原子力発電所を運営する電力会社,東京電力,,,https://www.covez.jp/school/kanto/kanagawa/yokohama/kanazawa/yokohamamutsuura/message/entry_39932.html
covez,(27),264,2025-12-09,第8回,社会,アメリカの郵便ポストの色,青,,,https://www.covez.jp/school/kanto/kanagawa/yokohama/kanazawa/yokohamamutsuura/message/entry_39932.html
covez,(27),265,2025-12-09,第8回,国際,トランプ大統領の仲介でタイと和平合意した国,カンボジア,○,,https://www.covez.jp/school/kanto/kanagawa/yokohama/kanazawa/yokohamamutsuura/message/entry_39932.html
covez,(27),266,2025-12-09,第8回,自然科学,水溶性ビタミン,ビタミンC,,,https://www.covez.jp/school/kanto/kanagawa/yokohama/kanazawa/yokohamamutsuura/message/entry_39932.html
covez,(27),267,2025-12-09,第8回,生活,西洋占星術の12星座と十二支で共通する動物の数,2,,,https://www.covez.jp/school/kanto/kanagawa/yokohama/kanazawa/yokohamamutsuura/message/entry_39932.html
covez,(27),268,2025-12-09,第8回,スポーツ,2026年に行われない大会,オリンピック・eスポーツ・ゲームズ,○,,https://www.covez.jp/school/kanto/kanagawa/yokohama/kanazawa/yokohamamutsuura/message/entry_39932.html
covez,(27),269,2025-12-09,第8回,芸術,シェイクスピアの四大悲劇に含まれない作品,ロミオとジュリエット,,,https://www.covez.jp/school/kanto/kanagawa/yokohama/kanazawa/yokohamamutsuura/message/entry_39932.html
covez,(27),270,2025-12-09,第8回,カルチャー,BeRealで通知から投稿までの時間,2分,○,,https://www.covez.jp/school/kanto/kanagawa/yokohama/kanazawa/yokohamamutsuura/message/entry_39932.html
covez,(28),271,2025-12-13,第8回,ことば,「一言居士」の意味,何か言わないと気がすまない人,,,https://www.covez.jp/school/kanto/kanagawa/yokohama/kanazawa/yokohamamutsuura/message/entry_40010.html
covez,(28),272,2025-12-13,第8回,地理・歴史,水面の標高が日本一高い湖,中禅寺湖,,,https://www.covez.jp/school/kanto/kanagawa/yokohama/kanazawa/yokohamamutsuura/message/entry_40010.html
covez,(28),273,2025-12-13,第8回,政治・経済,売上高が最も大きい企業,アマゾン,○,,https://www.covez.jp/school/kanto/kanagawa/yokohama/kanazawa/yokohamamutsuura/message/entry_40010.html
covez,(28),274,2025-12-13,第8回,社会,伝票の送り主を表す英語,shipper,,,https://www.covez.jp/school/kanto/kanagawa/yokohama/kanazawa/yokohamamutsuura/message/entry_40010.html
covez,(28),275,2025-12-13,第8回,国際,関税の説明で誤っているもの,納税義務者は輸出者,,,https://www.covez.jp/school/kanto/kanagawa/yokohama/kanazawa/yokohamamutsuura/message/entry_40010.html
covez,(28),276,2025-12-13,第8回,自然科学,太陽の表面温度,約6000度,,,https://www.covez.jp/school/kanto/kanagawa/yokohama/kanazawa/yokohamamutsuura/message/entry_40010.html
covez,(28),277,2025-12-13,第8回,生活,現金書留で送れる上限金額,50万円,,,https://www.covez.jp/school/kanto/kanagawa/yokohama/kanazawa/yokohamamutsuura/message/entry_40010.html
covez,(28),278,2025-12-13,第8回,スポーツ,大関・安青錦の出身国,ウクライナ,○,,https://www.covez.jp/school/kanto/kanagawa/yokohama/kanazawa/yokohamamutsuura/message/entry_40010.html
covez,(28),279,2025-12-13,第8回,芸術,『最後の晩餐』に描かれた人数,13人,,,https://www.covez.jp/school/kanto/kanagawa/yokohama/kanazawa/yokohamamutsuura/message/entry_40010.html
covez,(28),280,2025-12-13,第8回,カルチャー,Perfumeのメジャーデビューシングル,リニアモーターガール,,,https://www.covez.jp/school/kanto/kanagawa/yokohama/kanazawa/yokohamamutsuura/message/entry_40010.html
covez,(29),281,2025-12-23,第8回,ことば,「傾ける」が付く体の慣用句,耳,,,https://www.covez.jp/school/kanto/kanagawa/yokohama/kanazawa/yokohamamutsuura/message/entry_40104.html
covez,(29),282,2025-12-23,第8回,地理・歴史,2025年8月5日に国内最高41.8℃を観測した市,伊勢崎市,○,,https://www.covez.jp/school/kanto/kanagawa/yokohama/kanazawa/yokohamamutsuura/message/entry_40104.html
covez,(29),283,2025-12-23,第8回,政治・経済,定例閣議が開かれる曜日,火曜と金曜,,,https://www.covez.jp/school/kanto/kanagawa/yokohama/kanazawa/yokohamamutsuura/message/entry_40104.html
covez,(29),284,2025-12-23,第8回,社会,ミニマムアクセス米はコメの何に関する制度,輸入,,,https://www.covez.jp/school/kanto/kanagawa/yokohama/kanazawa/yokohamamutsuura/message/entry_40104.html
covez,(29),285,2025-12-23,第8回,国際,イギリスの与党（2025年12月）,労働党,○,,https://www.covez.jp/school/kanto/kanagawa/yokohama/kanazawa/yokohamamutsuura/message/entry_40104.html
covez,(29),286,2025-12-23,第8回,自然科学,ケルビン卿の出身国,イギリス,,,https://www.covez.jp/school/kanto/kanagawa/yokohama/kanazawa/yokohamamutsuura/message/entry_40104.html
covez,(29),287,2025-12-23,第8回,生活,恵方の方角は何通り,4,,,https://www.covez.jp/school/kanto/kanagawa/yokohama/kanazawa/yokohamamutsuura/message/entry_40104.html
covez,(29),288,2025-12-23,第8回,スポーツ,八村塁が所属するレイカーズの本拠地,ロサンゼルス,○,,https://www.covez.jp/school/kanto/kanagawa/yokohama/kanazawa/yokohamamutsuura/message/entry_40104.html
covez,(29),289,2025-12-23,第8回,芸術,『老人と海』で老人が夢に見たもの,ライオン,,,https://www.covez.jp/school/kanto/kanagawa/yokohama/kanazawa/yokohamamutsuura/message/entry_40104.html
covez,(29),290,2025-12-23,第8回,カルチャー,中東初のディズニーランドの建設予定地,アブダビ,○,,https://www.covez.jp/school/kanto/kanagawa/yokohama/kanazawa/yokohamamutsuura/message/entry_40104.html
covez,(30),291,2026-01-09,第8回,ことば,「熊」の音読み,ユウ,,,https://www.covez.jp/school/kanto/kanagawa/yokohama/kanazawa/yokohamamutsuura/message/entry_40413.html
covez,(30),292,2026-01-09,第8回,地理・歴史,桶狭間の戦いがあった県,愛知県,,,https://www.covez.jp/school/kanto/kanagawa/yokohama/kanazawa/yokohamamutsuura/message/entry_40413.html
covez,(30),293,2026-01-09,第8回,政治・経済,2025年参院選後の野党第一党,立憲民主党,○,,https://www.covez.jp/school/kanto/kanagawa/yokohama/kanazawa/yokohamamutsuura/message/entry_40413.html
covez,(30),294,2026-01-09,第8回,社会,「ラストワンマイル」に最も関係が深い分野,物流,,,https://www.covez.jp/school/kanto/kanagawa/yokohama/kanazawa/yokohamamutsuura/message/entry_40413.html
covez,(30),295,2026-01-09,第8回,国際,2025年にMAGA政策を進めている国,アメリカ,○,,https://www.covez.jp/school/kanto/kanagawa/yokohama/kanazawa/yokohamamutsuura/message/entry_40413.html
covez,(30),296,2026-01-09,第8回,自然科学,レアアースの元素の数,17,,,https://www.covez.jp/school/kanto/kanagawa/yokohama/kanazawa/yokohamamutsuura/message/entry_40413.html
covez,(30),297,2026-01-09,第8回,生活,2026年4月に対策が強化されるハラスメント,カスハラ,○,,https://www.covez.jp/school/kanto/kanagawa/yokohama/kanazawa/yokohamamutsuura/message/entry_40413.html
covez,(30),298,2026-01-09,第8回,スポーツ,Bリーグのタイトルパートナー,りそなグループ,○,,https://www.covez.jp/school/kanto/kanagawa/yokohama/kanazawa/yokohamamutsuura/message/entry_40413.html
covez,(30),299,2026-01-09,第8回,芸術,一般的なエレキベースの弦の数,4本,,,https://www.covez.jp/school/kanto/kanagawa/yokohama/kanazawa/yokohamamutsuura/message/entry_40413.html
covez,(30),300,2026-01-09,第8回,カルチャー,シティポップに分類されない人物,中島みゆき,,,https://www.covez.jp/school/kanto/kanagawa/yokohama/kanazawa/yokohamamutsuura/message/entry_40413.html
